store,item_dept,date_id,daily_sales_qty,day_of_week,day_of_month,month,year,is_weekend,is_holiday,rolling_avg_7d,rolling_avg_14d,rolling_avg_30d,cumulative_sales,lag_1d,lag_7d,lag_14d,profile,size
ABC,Beverages,2022-01-01,1135.0,5,1,1,2022,1,1,1135.0,1135.0,1135.0,1135.0,0.0,0.0,0.0,Moderate,Medium
ABC,Grocery,2022-01-01,2113.54,5,1,1,2022,1,1,2113.54,2113.54,2113.54,2113.54,0.0,0.0,0.0,Moderate,Medium
ABC,Household,2022-01-01,717.0,5,1,1,2022,1,1,717.0,717.0,717.0,717.0,0.0,0.0,0.0,Moderate,Medium
XYZ,Beverages,2022-01-01,894.0,5,1,1,2022,1,1,894.0,894.0,894.0,894.0,0.0,0.0,0.0,High,Large
XYZ,Grocery,2022-01-01,3019.884,5,1,1,2022,1,1,3019.884,3019.884,3019.884,3019.884,0.0,0.0,0.0,High,Large
XYZ,Household,2022-01-01,852.0,5,1,1,2022,1,1,852.0,852.0,852.0,852.0,0.0,0.0,0.0,High,Large
ABC,Beverages,2022-01-10,1066.0,0,10,1,2022,0,0,1100.5,1100.5,1100.5,2201.0,1135.0,0.0,0.0,Moderate,Medium
ABC,Grocery,2022-01-10,2211.609,0,10,1,2022,0,0,2162.5744999999997,2162.5744999999997,2162.5744999999997,4325.148999999999,2113.54,0.0,0.0,Moderate,Medium
ABC,Household,2022-01-10,1144.0,0,10,1,2022,0,0,930.5,930.5,930.5,1861.0,717.0,0.0,0.0,Moderate,Medium
XYZ,Beverages,2022-01-10,903.0,0,10,1,2022,0,0,898.5,898.5,898.5,1797.0,894.0,0.0,0.0,High,Large
XYZ,Grocery,2022-01-10,3086.55,0,10,1,2022,0,0,3053.217,3053.217,3053.217,6106.434,3019.884,0.0,0.0,High,Large
XYZ,Household,2022-01-10,1056.0,0,10,1,2022,0,0,954.0,954.0,954.0,1908.0,852.0,0.0,0.0,High,Large
ABC,Beverages,2022-01-11,1350.0,1,11,1,2022,0,0,1183.6666666666667,1183.6666666666667,1183.6666666666667,3551.0,1066.0,0.0,0.0,Moderate,Medium
ABC,Grocery,2022-01-11,2862.708,1,11,1,2022,0,0,2395.952333333333,2395.952333333333,2395.952333333333,7187.857,2211.609,0.0,0.0,Moderate,Medium
ABC,Household,2022-01-11,1099.0,1,11,1,2022,0,0,986.6666666666666,986.6666666666666,986.6666666666666,2960.0,1144.0,0.0,0.0,Moderate,Medium
XYZ,Beverages,2022-01-11,932.0,1,11,1,2022,0,0,909.6666666666666,909.6666666666666,909.6666666666666,2729.0,903.0,0.0,0.0,High,Large
XYZ,Grocery,2022-01-11,3373.658,1,11,1,2022,0,0,3160.030666666667,3160.030666666667,3160.030666666667,9480.092,3086.55,0.0,0.0,High,Large
XYZ,Household,2022-01-11,1153.0,1,11,1,2022,0,0,1020.3333333333334,1020.3333333333334,1020.3333333333334,3061.0,1056.0,0.0,0.0,High,Large
ABC,Beverages,2022-01-12,927.0,2,12,1,2022,0,0,1119.5,1119.5,1119.5,4478.0,1350.0,0.0,0.0,Moderate,Medium
ABC,Grocery,2022-01-12,2196.186,2,12,1,2022,0,0,2346.01075,2346.01075,2346.01075,9384.043,2862.708,0.0,0.0,Moderate,Medium
ABC,Household,2022-01-12,948.0,2,12,1,2022,0,0,977.0,977.0,977.0,3908.0,1099.0,0.0,0.0,Moderate,Medium
XYZ,Beverages,2022-01-12,837.0,2,12,1,2022,0,0,891.5,891.5,891.5,3566.0,932.0,0.0,0.0,High,Large
XYZ,Grocery,2022-01-12,2899.544,2,12,1,2022,0,0,3094.909,3094.909,3094.909,12379.636,3373.658,0.0,0.0,High,Large
XYZ,Household,2022-01-12,940.0,2,12,1,2022,0,0,1000.25,1000.25,1000.25,4001.0,1153.0,0.0,0.0,High,Large
ABC,Beverages,2022-01-13,1397.0,3,13,1,2022,0,0,1175.0,1175.0,1175.0,5875.0,927.0,0.0,0.0,Moderate,Medium
ABC,Grocery,2022-01-13,2704.301,3,13,1,2022,0,0,2417.6688000000004,2417.6688000000004,2417.6688000000004,12088.344000000001,2196.186,0.0,0.0,Moderate,Medium
ABC,Household,2022-01-13,1145.0,3,13,1,2022,0,0,1010.6,1010.6,1010.6,5053.0,948.0,0.0,0.0,Moderate,Medium
XYZ,Beverages,2022-01-13,847.0,3,13,1,2022,0,0,882.6,882.6,882.6,4413.0,837.0,0.0,0.0,High,Large
XYZ,Grocery,2022-01-13,3054.627,3,13,1,2022,0,0,3086.8525999999997,3086.8525999999997,3086.8525999999997,15434.262999999999,2899.544,0.0,0.0,High,Large
XYZ,Household,2022-01-13,957.0,3,13,1,2022,0,0,991.6,991.6,991.6,4958.0,940.0,0.0,0.0,High,Large
ABC,Beverages,2022-01-14,866.0,4,14,1,2022,0,0,1123.5,1123.5,1123.5,6741.0,1397.0,0.0,0.0,Moderate,Medium
ABC,Grocery,2022-01-14,2186.497,4,14,1,2022,0,0,2379.1401666666666,2379.1401666666666,2379.1401666666666,14274.841,2704.301,0.0,0.0,Moderate,Medium
ABC,Household,2022-01-14,798.0,4,14,1,2022,0,0,975.1666666666666,975.1666666666666,975.1666666666666,5851.0,1145.0,0.0,0.0,Moderate,Medium
XYZ,Beverages,2022-01-14,1077.0,4,14,1,2022,0,0,915.0,915.0,915.0,5490.0,847.0,0.0,0.0,High,Large
XYZ,Grocery,2022-01-14,2858.478,4,14,1,2022,0,0,3048.790166666667,3048.790166666667,3048.790166666667,18292.741,3054.627,0.0,0.0,High,Large
XYZ,Household,2022-01-14,983.0,4,14,1,2022,0,0,990.1666666666666,990.1666666666666,990.1666666666666,5941.0,957.0,0.0,0.0,High,Large
ABC,Beverages,2022-01-15,1028.0,5,15,1,2022,1,0,1109.857142857143,1109.857142857143,1109.857142857143,7769.0,866.0,0.0,0.0,Moderate,Medium
ABC,Grocery,2022-01-15,2102.406,5,15,1,2022,1,0,2339.606714285714,2339.606714285714,2339.606714285714,16377.247,2186.497,0.0,0.0,Moderate,Medium
ABC,Household,2022-01-15,798.0,5,15,1,2022,1,0,949.8571428571429,949.8571428571429,949.8571428571429,6649.0,798.0,0.0,0.0,Moderate,Medium
XYZ,Beverages,2022-01-15,980.0,5,15,1,2022,1,0,924.2857142857143,924.2857142857143,924.2857142857143,6470.0,1077.0,0.0,0.0,High,Large
XYZ,Grocery,2022-01-15,3225.084,5,15,1,2022,1,0,3073.975,3073.975,3073.975,21517.825,2858.478,0.0,0.0,High,Large
XYZ,Household,2022-01-15,1114.0,5,15,1,2022,1,0,1007.8571428571429,1007.8571428571429,1007.8571428571429,7055.0,983.0,0.0,0.0,High,Large
ABC,Beverages,2022-01-16,808.0,6,16,1,2022,1,0,1063.142857142857,1072.125,1072.125,8577.0,1028.0,1135.0,0.0,Moderate,Medium
ABC,Grocery,2022-01-16,1777.437,6,16,1,2022,1,0,2291.5919999999996,2269.3355,2269.3355,18154.684,2102.406,2113.54,0.0,Moderate,Medium
ABC,Household,2022-01-16,724.0,6,16,1,2022,1,0,950.8571428571429,921.625,921.625,7373.0,798.0,717.0,0.0,Moderate,Medium
XYZ,Beverages,2022-01-16,837.0,6,16,1,2022,1,0,916.1428571428571,913.375,913.375,7307.0,980.0,894.0,0.0,High,Large
XYZ,Grocery,2022-01-16,3105.163,6,16,1,2022,1,0,3086.157714285714,3077.8735,3077.8735,24622.988,3225.084,3019.884,0.0,High,Large
XYZ,Household,2022-01-16,1177.0,6,16,1,2022,1,0,1054.2857142857142,1029.0,1029.0,8232.0,1114.0,852.0,0.0,High,Large
ABC,Beverages,2022-01-17,1540.0,0,17,1,2022,0,0,1130.857142857143,1124.111111111111,1124.111111111111,10117.0,808.0,1066.0,0.0,Moderate,Medium
ABC,Grocery,2022-01-17,1886.07,0,17,1,2022,0,0,2245.0864285714283,2226.7504444444444,2226.7504444444444,20040.754,1777.437,2211.609,0.0,Moderate,Medium
ABC,Household,2022-01-17,747.0,0,17,1,2022,0,0,894.1428571428571,902.2222222222222,902.2222222222222,8120.0,724.0,1144.0,0.0,Moderate,Medium
XYZ,Beverages,2022-01-17,1295.0,0,17,1,2022,0,0,972.1428571428571,955.7777777777778,955.7777777777778,8602.0,837.0,903.0,0.0,High,Large
XYZ,Grocery,2022-01-17,3476.211,0,17,1,2022,0,0,3141.8235714285715,3122.1332222222222,3122.1332222222222,28099.199,3105.163,3086.55,0.0,High,Large
XYZ,Household,2022-01-17,1361.0,0,17,1,2022,0,0,1097.857142857143,1065.888888888889,1065.888888888889,9593.0,1177.0,1056.0,0.0,High,Large
ABC,Beverages,2022-01-18,1459.0,1,18,1,2022,0,0,1146.4285714285713,1157.6,1157.6,11576.0,1540.0,1350.0,0.0,Moderate,Medium
ABC,Grocery,2022-01-18,2573.993,1,18,1,2022,0,0,2203.8414285714284,2261.4746999999998,2261.4746999999998,22614.747,1886.07,2862.708,0.0,Moderate,Medium
ABC,Household,2022-01-18,1110.0,1,18,1,2022,0,0,895.7142857142857,923.0,923.0,9230.0,747.0,1099.0,0.0,Moderate,Medium
XYZ,Beverages,2022-01-18,854.0,1,18,1,2022,0,0,961.0,945.6,945.6,9456.0,1295.0,932.0,0.0,High,Large
XYZ,Grocery,2022-01-18,2794.622,1,18,1,2022,0,0,3059.104142857143,3089.3821,3089.3821,30893.821,3476.211,3373.658,0.0,High,Large
XYZ,Household,2022-01-18,1044.0,1,18,1,2022,0,0,1082.2857142857142,1063.7,1063.7,10637.0,1361.0,1153.0,0.0,High,Large
ABC,Beverages,2022-01-19,1231.0,2,19,1,2022,0,0,1189.857142857143,1164.2727272727273,1164.2727272727273,12807.0,1459.0,927.0,0.0,Moderate,Medium
ABC,Grocery,2022-01-19,1881.58,2,19,1,2022,0,0,2158.8977142857143,2226.938818181818,2226.938818181818,24496.326999999997,2573.993,2196.186,0.0,Moderate,Medium
ABC,Household,2022-01-19,812.0,2,19,1,2022,0,0,876.2857142857143,912.9090909090909,912.9090909090909,10042.0,1110.0,948.0,0.0,Moderate,Medium
XYZ,Beverages,2022-01-19,1026.0,2,19,1,2022,0,0,988.0,952.9090909090909,952.9090909090909,10482.0,854.0,837.0,0.0,High,Large
XYZ,Grocery,2022-01-19,2399.322,2,19,1,2022,0,0,2987.6438571428575,3026.6493636363634,3026.6493636363634,33293.143,2794.622,2899.544,0.0,High,Large
XYZ,Household,2022-01-19,882.0,2,19,1,2022,0,0,1074.0,1047.1818181818182,1047.1818181818182,11519.0,1044.0,940.0,0.0,High,Large
ABC,Beverages,2022-01-02,882.0,6,2,1,2022,1,0,1116.2857142857142,1140.75,1140.75,13689.0,1231.0,1397.0,0.0,Moderate,Medium
ABC,Grocery,2022-01-02,2247.004,6,2,1,2022,1,0,2093.5695714285716,2228.6109166666665,2228.6109166666665,26743.331,1881.58,2704.301,0.0,Moderate,Medium
ABC,Household,2022-01-02,1073.0,6,2,1,2022,1,0,866.0,926.25,926.25,11115.0,812.0,1145.0,0.0,Moderate,Medium
XYZ,Beverages,2022-01-02,1044.0,6,2,1,2022,1,0,1016.1428571428571,960.5,960.5,11526.0,1026.0,847.0,0.0,High,Large
XYZ,Grocery,2022-01-02,3679.187,6,2,1,2022,1,0,3076.8667142857144,3081.0275,3081.0275,36972.33,2399.322,3054.627,0.0,High,Large
XYZ,Household,2022-01-02,1311.0,6,2,1,2022,1,0,1124.5714285714287,1069.1666666666667,1069.1666666666667,12830.0,882.0,957.0,0.0,High,Large
ABC,Beverages,2022-01-20,1027.0,3,20,1,2022,0,0,1139.2857142857142,1132.0,1132.0,14716.0,882.0,866.0,0.0,Moderate,Medium
ABC,Grocery,2022-01-20,2072.778,3,20,1,2022,0,0,2077.3239999999996,2216.623769230769,2216.623769230769,28816.109,2247.004,2186.497,0.0,Moderate,Medium
ABC,Household,2022-01-20,994.0,3,20,1,2022,0,0,894.0,931.4615384615385,931.4615384615385,12109.0,1073.0,798.0,0.0,Moderate,Medium
XYZ,Beverages,2022-01-20,903.0,3,20,1,2022,0,0,991.2857142857143,956.0769230769231,956.0769230769231,12429.0,1044.0,1077.0,0.0,High,Large
XYZ,Grocery,2022-01-20,2685.039,3,20,1,2022,0,0,3052.0897142857143,3050.566846153846,3050.566846153846,39657.369,3679.187,2858.478,0.0,High,Large
XYZ,Household,2022-01-20,967.0,3,20,1,2022,0,0,1122.2857142857142,1061.3076923076924,1061.3076923076924,13797.0,1311.0,983.0,0.0,High,Large
ABC,Beverages,2022-01-21,1153.0,4,21,1,2022,0,0,1157.142857142857,1133.5,1133.5,15869.0,1027.0,1028.0,0.0,Moderate,Medium
ABC,Grocery,2022-01-21,2355.411,4,21,1,2022,0,0,2113.4675714285713,2226.537142857143,2226.537142857143,31171.52,2072.778,2102.406,0.0,Moderate,Medium
ABC,Household,2022-01-21,955.0,4,21,1,2022,0,0,916.4285714285714,933.1428571428571,933.1428571428571,13064.0,994.0,798.0,0.0,Moderate,Medium
XYZ,Beverages,2022-01-21,987.0,4,21,1,2022,0,0,992.2857142857143,958.2857142857143,958.2857142857143,13416.0,903.0,980.0,0.0,High,Large
XYZ,Grocery,2022-01-21,2751.863,4,21,1,2022,0,0,2984.4867142857142,3029.230857142857,3029.230857142857,42409.231999999996,2685.039,3225.084,0.0,High,Large
XYZ,Household,2022-01-21,820.0,4,21,1,2022,0,0,1080.2857142857142,1044.0714285714287,1044.0714285714287,14617.0,967.0,1114.0,0.0,High,Large
ABC,Beverages,2022-01-22,1252.0,5,22,1,2022,1,0,1220.5714285714287,1141.857142857143,1141.4,17121.0,1153.0,808.0,1135.0,Moderate,Medium
ABC,Grocery,2022-01-22,2264.434,5,22,1,2022,1,0,2183.0385714285717,2237.3152857142854,2229.0636,33435.954,2355.411,1777.437,2113.54,Moderate,Medium
ABC,Household,2022-01-22,1188.0,5,22,1,2022,1,0,982.7142857142857,966.7857142857143,950.1333333333333,14252.0,955.0,724.0,717.0,Moderate,Medium
XYZ,Beverages,2022-01-22,920.0,5,22,1,2022,1,0,1004.1428571428571,960.1428571428571,955.7333333333333,14336.0,987.0,837.0,894.0,High,Large
XYZ,Grocery,2022-01-22,3360.031,5,22,1,2022,1,0,3020.8964285714283,3053.5270714285716,3051.2842,45769.263,2751.863,3105.163,3019.884,High,Large
XYZ,Household,2022-01-22,1124.0,5,22,1,2022,1,0,1072.7142857142858,1063.5,1049.4,15741.0,820.0,1177.0,852.0,High,Large
ABC,Beverages,2022-01-23,861.0,6,23,1,2022,1,0,1123.5714285714287,1127.2142857142858,1123.875,17982.0,1252.0,1540.0,1066.0,Moderate,Medium
ABC,Grocery,2022-01-23,2147.11,6,23,1,2022,1,0,2220.3300000000004,2232.708214285714,2223.9415,35583.064,2264.434,1886.07,2211.609,Moderate,Medium
ABC,Household,2022-01-23,874.0,6,23,1,2022,1,0,1000.8571428571429,947.5,945.375,15126.0,1188.0,747.0,1144.0,Moderate,Medium
XYZ,Beverages,2022-01-23,1273.0,6,23,1,2022,1,0,1001.0,986.5714285714286,975.5625,15609.0,920.0,1295.0,903.0,High,Large
XYZ,Grocery,2022-01-23,4177.327,6,23,1,2022,1,0,3121.055857142857,3131.4397142857147,3121.661875,49946.59,3360.031,3476.211,3086.55,High,Large
XYZ,Household,2022-01-23,1363.0,6,23,1,2022,1,0,1073.0,1085.4285714285713,1069.0,17104.0,1124.0,1361.0,1056.0,High,Large
ABC,Beverages,2022-01-24,985.0,0,24,1,2022,0,0,1055.857142857143,1101.142857142857,1115.7058823529412,18967.0,861.0,1459.0,1350.0,Moderate,Medium
ABC,Grocery,2022-01-24,2304.78,0,24,1,2022,0,0,2181.871,2192.8562142857145,2228.696705882353,37887.844,2147.11,2573.993,2862.708,Moderate,Medium
ABC,Household,2022-01-24,933.0,0,24,1,2022,0,0,975.5714285714286,935.6428571428571,944.6470588235294,16059.0,874.0,1110.0,1099.0,Moderate,Medium
XYZ,Beverages,2022-01-24,765.0,0,24,1,2022,0,0,988.2857142857143,974.6428571428571,963.1764705882352,16374.0,1273.0,854.0,932.0,High,Large
XYZ,Grocery,2022-01-24,2560.307,0,24,1,2022,0,0,3087.5822857142857,3073.343214285714,3088.6409999999996,52506.897,4177.327,2794.622,3373.658,High,Large
XYZ,Household,2022-01-24,946.0,0,24,1,2022,0,0,1059.0,1070.642857142857,1061.764705882353,18050.0,1363.0,1044.0,1153.0,High,Large
ABC,Beverages,2022-01-25,865.0,1,25,1,2022,0,0,1003.5714285714286,1096.7142857142858,1101.7777777777778,19832.0,985.0,1231.0,927.0,Moderate,Medium
ABC,Grocery,2022-01-25,2728.121,1,25,1,2022,0,0,2302.805428571429,2230.8515714285713,2256.4424999999997,40615.965,2304.78,1881.58,2196.186,Moderate,Medium
ABC,Household,2022-01-25,1128.0,1,25,1,2022,0,0,1020.7142857142857,948.5,954.8333333333334,17187.0,933.0,812.0,948.0,Moderate,Medium
XYZ,Beverages,2022-01-25,886.0,1,25,1,2022,0,0,968.2857142857143,978.1428571428571,958.8888888888889,17260.0,765.0,1026.0,837.0,High,Large
XYZ,Grocery,2022-01-25,3659.504,1,25,1,2022,0,0,3267.608285714286,3127.6260714285713,3120.355611111111,56166.401,2560.307,2399.322,2899.544,High,Large
XYZ,Household,2022-01-25,1186.0,1,25,1,2022,0,0,1102.4285714285713,1088.2142857142858,1068.6666666666667,19236.0,946.0,882.0,940.0,High,Large
ABC,Beverages,2022-01-26,1086.0,2,26,1,2022,0,0,1032.7142857142858,1074.5,1100.9473684210527,20918.0,865.0,882.0,1397.0,Moderate,Medium
ABC,Grocery,2022-01-26,2611.746,2,26,1,2022,0,0,2354.9114285714286,2224.2405,2275.1426842105266,43227.711,2728.121,2247.004,2704.301,Moderate,Medium
ABC,Household,2022-01-26,1155.0,2,26,1,2022,0,0,1032.4285714285713,949.2142857142857,965.3684210526316,18342.0,1128.0,1073.0,1145.0,Moderate,Medium
XYZ,Beverages,2022-01-26,1123.0,2,26,1,2022,0,0,979.5714285714286,997.8571428571429,967.5263157894736,18383.0,886.0,1044.0,847.0,High,Large
XYZ,Grocery,2022-01-26,2910.409,2,26,1,2022,0,0,3157.7828571428577,3117.3247857142856,3109.305789473684,59076.81,3659.504,3679.187,3054.627,High,Large
XYZ,Household,2022-01-26,1103.0,2,26,1,2022,0,0,1072.7142857142858,1098.642857142857,1070.4736842105262,20339.0,1186.0,1311.0,957.0,High,Large
ABC,Beverages,2022-01-27,1246.0,3,27,1,2022,0,0,1064.0,1101.642857142857,1108.2,22164.0,1086.0,1027.0,866.0,Moderate,Medium
ABC,Grocery,2022-01-27,2596.145,3,27,1,2022,0,0,2429.6781428571435,2253.5010714285713,2291.1928,45823.856,2611.746,2072.778,2186.497,Moderate,Medium
ABC,Household,2022-01-27,991.0,3,27,1,2022,0,0,1032.0,963.0,966.65,19333.0,1155.0,994.0,798.0,Moderate,Medium
XYZ,Beverages,2022-01-27,1169.0,3,27,1,2022,0,0,1017.5714285714286,1004.4285714285714,977.6,19552.0,1123.0,903.0,1077.0,High,Large
XYZ,Grocery,2022-01-27,3005.134,3,27,1,2022,0,0,3203.5107142857146,3127.8002142857144,3104.0972,62081.944,2910.409,2685.039,2858.478,High,Large
XYZ,Household,2022-01-27,1090.0,3,27,1,2022,0,0,1090.2857142857142,1106.2857142857142,1071.45,21429.0,1103.0,967.0,983.0,High,Large
ABC,Beverages,2022-01-28,1304.0,4,28,1,2022,0,0,1085.5714285714287,1121.357142857143,1117.5238095238096,23468.0,1246.0,1153.0,1028.0,Moderate,Medium
ABC,Grocery,2022-01-28,2355.758,4,28,1,2022,0,0,2429.7277142857142,2271.5976428571425,2294.267333333333,48179.614,2596.145,2355.411,2102.406,Moderate,Medium
ABC,Household,2022-01-28,1061.0,4,28,1,2022,0,0,1047.142857142857,981.7857142857143,971.1428571428571,20394.0,991.0,955.0,798.0,Moderate,Medium
XYZ,Beverages,2022-01-28,1326.0,4,28,1,2022,0,0,1066.0,1029.142857142857,994.1904761904761,20878.0,1169.0,987.0,980.0,High,Large
XYZ,Grocery,2022-01-28,3149.792,4,28,1,2022,0,0,3260.3577142857143,3122.4222142857143,3106.273142857143,65231.736,3005.134,2751.863,3225.084,High,Large
XYZ,Household,2022-01-28,1051.0,4,28,1,2022,0,0,1123.2857142857142,1101.7857142857142,1070.4761904761904,22480.0,1090.0,820.0,1114.0,High,Large
ABC,Beverages,2022-01-29,957.0,5,29,1,2022,1,0,1043.4285714285713,1132.0,1110.2272727272727,24425.0,1304.0,1252.0,808.0,Moderate,Medium
ABC,Grocery,2022-01-29,2587.436,5,29,1,2022,1,0,2475.8708571428574,2329.454714285714,2307.593181818182,50767.05,2355.758,2264.434,1777.437,Moderate,Medium
ABC,Household,2022-01-29,1235.0,5,29,1,2022,1,0,1053.857142857143,1018.2857142857143,983.1363636363636,21629.0,1061.0,1188.0,724.0,Moderate,Medium
XYZ,Beverages,2022-01-29,1237.0,5,29,1,2022,1,0,1111.2857142857142,1057.7142857142858,1005.2272727272727,22115.0,1326.0,920.0,837.0,High,Large
XYZ,Grocery,2022-01-29,3497.702,5,29,1,2022,1,0,3280.0250000000005,3150.4607142857144,3124.0653636363636,68729.438,3149.792,3360.031,3105.163,High,Large
XYZ,Household,2022-01-29,1199.0,5,29,1,2022,1,0,1134.0,1103.357142857143,1076.3181818181818,23679.0,1051.0,1124.0,1177.0,High,Large
ABC,Beverages,2022-01-03,951.0,0,3,1,2022,0,1,1056.2857142857142,1089.9285714285713,1103.304347826087,25376.0,957.0,861.0,1540.0,Moderate,Medium
ABC,Grocery,2022-01-03,2185.392,0,3,1,2022,0,1,2481.3397142857143,2350.8348571428573,2302.2800869565217,52952.442,2587.436,2147.11,1886.07,Moderate,Medium
ABC,Household,2022-01-03,1002.0,0,3,1,2022,0,1,1072.142857142857,1036.5,983.9565217391304,22631.0,1235.0,874.0,747.0,Moderate,Medium
XYZ,Beverages,2022-01-03,645.0,0,3,1,2022,0,1,1021.5714285714286,1011.2857142857143,989.5652173913044,22760.0,1237.0,1273.0,1295.0,High,Large
XYZ,Grocery,2022-01-03,2396.285,0,3,1,2022,0,1,3025.5904285714287,3073.3231428571426,3092.422739130435,71125.723,3497.702,4177.327,3476.211,High,Large
XYZ,Household,2022-01-03,844.0,0,3,1,2022,0,1,1059.857142857143,1066.4285714285713,1066.2173913043478,24523.0,1199.0,1363.0,1361.0,High,Large
ABC,Beverages,2022-01-30,919.0,6,30,1,2022,1,0,1046.857142857143,1051.357142857143,1095.625,26295.0,951.0,985.0,1459.0,Moderate,Medium
ABC,Grocery,2022-01-30,2865.215,6,30,1,2022,1,0,2561.4018571428574,2371.636428571429,2325.735708333333,55817.657,2185.392,2304.78,2573.993,Moderate,Medium
ABC,Household,2022-01-30,1168.0,6,30,1,2022,1,0,1105.7142857142858,1040.642857142857,991.625,23799.0,1002.0,933.0,1110.0,Moderate,Medium
XYZ,Beverages,2022-01-30,1043.0,6,30,1,2022,1,0,1061.2857142857142,1024.7857142857142,991.7916666666666,23803.0,645.0,765.0,854.0,High,Large
XYZ,Grocery,2022-01-30,4030.207,6,30,1,2022,1,0,3235.5761428571427,3161.5792142857144,3131.497083333333,75155.93,2396.285,2560.307,2794.622,High,Large
XYZ,Household,2022-01-30,1297.0,6,30,1,2022,1,0,1110.0,1084.5,1075.8333333333333,25820.0,844.0,946.0,1044.0,High,Large
ABC,Beverages,2022-01-31,880.0,0,31,1,2022,0,0,1049.0,1026.2857142857142,1087.0,27175.0,919.0,865.0,1231.0,Moderate,Medium
ABC,Grocery,2022-01-31,2600.874,0,31,1,2022,0,0,2543.2237142857143,2423.0145714285713,2336.7412400000003,58418.531,2865.215,2728.121,1881.58,Moderate,Medium
ABC,Household,2022-01-31,1115.0,0,31,1,2022,0,0,1103.857142857143,1062.2857142857142,996.56,24914.0,1168.0,1128.0,812.0,Moderate,Medium
XYZ,Beverages,2022-01-31,787.0,0,31,1,2022,0,0,1047.142857142857,1007.7142857142857,983.6,24590.0,1043.0,886.0,1026.0,High,Large
XYZ,Grocery,2022-01-31,2988.909,0,31,1,2022,0,0,3139.7768571428574,3203.6925714285717,3125.79356,78144.839,4030.207,3659.504,2399.322,High,Large
XYZ,Household,2022-01-31,1141.0,0,31,1,2022,0,0,1103.5714285714287,1103.0,1078.44,26961.0,1297.0,1186.0,882.0,High,Large
ABC,Beverages,2022-01-04,787.0,1,4,1,2022,0,0,1006.2857142857143,1019.5,1075.4615384615386,27962.0,880.0,1086.0,882.0,Moderate,Medium
ABC,Grocery,2022-01-04,2374.804,1,4,1,2022,0,0,2509.3748571428573,2432.1431428571427,2338.2051923076924,60793.335,2600.874,2611.746,2247.004,Moderate,Medium
ABC,Household,2022-01-04,1214.0,1,4,1,2022,0,0,1112.2857142857142,1072.357142857143,1004.9230769230769,26128.0,1115.0,1155.0,1073.0,Moderate,Medium
XYZ,Beverages,2022-01-04,953.0,1,4,1,2022,0,0,1022.8571428571429,1001.2142857142857,982.4230769230769,25543.0,787.0,1123.0,1044.0,High,Large
XYZ,Grocery,2022-01-04,3202.01,1,4,1,2022,0,0,3181.4341428571424,3169.6085,3128.7249615384617,81346.849,2988.909,2910.409,3679.187,High,Large
XYZ,Household,2022-01-04,1084.0,1,4,1,2022,0,0,1100.857142857143,1086.7857142857142,1078.6538461538462,28045.0,1141.0,1103.0,1311.0,High,Large
ABC,Beverages,2022-01-05,779.0,2,5,1,2022,0,0,939.5714285714286,1001.7857142857143,1064.4814814814815,28741.0,787.0,1246.0,1027.0,Moderate,Medium
ABC,Grocery,2022-01-05,2147.734,2,5,1,2022,0,0,2445.316142857143,2437.497142857143,2331.150703703704,62941.069,2374.804,2596.145,2072.778,Moderate,Medium
ABC,Household,2022-01-05,906.0,2,5,1,2022,0,0,1100.142857142857,1066.0714285714287,1001.2592592592592,27034.0,1214.0,991.0,994.0,Moderate,Medium
XYZ,Beverages,2022-01-05,772.0,2,5,1,2022,0,0,966.1428571428571,991.8571428571429,974.6296296296297,26315.0,953.0,1169.0,903.0,High,Large
XYZ,Grocery,2022-01-05,2667.154,2,5,1,2022,0,0,3133.1512857142857,3168.3309999999997,3111.6297407407405,84014.003,3202.01,3005.134,2685.039,High,Large
XYZ,Household,2022-01-05,949.0,2,5,1,2022,0,0,1080.7142857142858,1085.5,1073.851851851852,28994.0,1084.0,1090.0,967.0,High,Large
ABC,Beverages,2022-01-06,1216.0,3,6,1,2022,0,0,927.0,1006.2857142857143,1069.892857142857,29957.0,779.0,1304.0,1153.0,Moderate,Medium
ABC,Grocery,2022-01-06,2304.026,3,6,1,2022,0,0,2437.9258571428572,2433.8267857142855,2330.1819642857145,65245.095,2147.734,2355.758,2355.411,Moderate,Medium
ABC,Household,2022-01-06,983.0,3,6,1,2022,0,0,1089.0,1068.0714285714287,1000.6071428571429,28017.0,906.0,1061.0,955.0,Moderate,Medium
XYZ,Beverages,2022-01-06,815.0,3,6,1,2022,0,0,893.1428571428571,979.5714285714286,968.9285714285714,27130.0,772.0,1326.0,987.0,High,Large
XYZ,Grocery,2022-01-06,3213.341,3,6,1,2022,0,0,3142.229714285714,3201.2937142857145,3115.2622857142856,87227.344,2667.154,3149.792,2751.863,High,Large
XYZ,Household,2022-01-06,1016.0,3,6,1,2022,0,0,1075.7142857142858,1099.5,1071.7857142857142,30010.0,949.0,1051.0,820.0,High,Large
ABC,Beverages,2022-01-07,1602.0,4,7,1,2022,0,0,1019.1428571428571,1031.2857142857142,1088.2413793103449,31559.0,1216.0,957.0,1252.0,Moderate,Medium
ABC,Grocery,2022-01-07,2592.455,4,7,1,2022,0,0,2438.6428571428573,2457.2568571428574,2339.2258620689654,67837.55,2304.026,2587.436,2264.434,Moderate,Medium
ABC,Household,2022-01-07,1194.0,4,7,1,2022,0,0,1083.142857142857,1068.5,1007.2758620689655,29211.0,983.0,1235.0,1188.0,Moderate,Medium
XYZ,Beverages,2022-01-07,1104.0,4,7,1,2022,0,0,874.1428571428571,992.7142857142857,973.5862068965517,28234.0,815.0,1237.0,920.0,High,Large
XYZ,Grocery,2022-01-07,3296.789,4,7,1,2022,0,0,3113.5278571428576,3196.776428571429,3121.521827586207,90524.133,3213.341,3497.702,3360.031,High,Large
XYZ,Household,2022-01-07,971.0,4,7,1,2022,0,0,1043.142857142857,1088.5714285714287,1068.3103448275863,30981.0,1016.0,1199.0,1124.0,High,Large
ABC,Beverages,2022-01-08,1433.0,5,8,1,2022,1,0,1088.0,1072.142857142857,1099.7333333333333,32992.0,1602.0,951.0,861.0,Moderate,Medium
ABC,Grocery,2022-01-08,3052.781,5,8,1,2022,1,0,2562.5555714285715,2521.947642857143,2363.0110333333337,70890.331,2592.455,2185.392,2147.11,Moderate,Medium
ABC,Household,2022-01-08,1092.0,5,8,1,2022,1,0,1096.0,1084.0714285714287,1010.1,30303.0,1194.0,1002.0,874.0,Moderate,Medium
XYZ,Beverages,2022-01-08,1273.0,5,8,1,2022,1,0,963.8571428571429,992.7142857142857,983.5666666666667,29507.0,1104.0,645.0,1273.0,High,Large
XYZ,Grocery,2022-01-08,3513.559,5,8,1,2022,1,0,3273.138428571429,3149.364428571429,3134.5897333333332,94037.692,3296.789,2396.285,4177.327,High,Large
XYZ,Household,2022-01-08,1147.0,5,8,1,2022,1,0,1086.4285714285713,1073.142857142857,1070.9333333333334,32128.0,971.0,844.0,1363.0,High,Large
ABC,Beverages,2022-01-09,1050.0,6,9,1,2022,1,0,1106.7142857142858,1076.7857142857142,1096.9,34042.0,1433.0,919.0,985.0,Moderate,Medium
ABC,Grocery,2022-01-09,2753.462,6,9,1,2022,1,0,2546.5908571428567,2553.996357142857,2384.341766666667,73643.793,3052.781,2865.215,2304.78,Moderate,Medium
ABC,Household,2022-01-09,1150.0,6,9,1,2022,1,0,1093.4285714285713,1099.5714285714287,1024.5333333333333,31453.0,1092.0,1168.0,933.0,Moderate,Medium
XYZ,Beverages,2022-01-09,1153.0,6,9,1,2022,1,0,979.5714285714286,1020.4285714285714,992.2,30660.0,1273.0,1043.0,765.0,High,Large
XYZ,Grocery,2022-01-09,4152.643,6,9,1,2022,1,0,3290.6292857142857,3263.1027142857142,3172.3483666666666,98190.335,3513.559,4030.207,2560.307,High,Large
XYZ,Household,2022-01-09,1456.0,6,9,1,2022,1,0,1109.142857142857,1109.5714285714287,1091.0666666666666,33584.0,1147.0,1297.0,946.0,High,Large
ABC,Beverages,2021-11-01,908.0,0,1,11,2021,0,0,1110.7142857142858,1079.857142857143,1091.6333333333334,34950.0,1050.0,880.0,865.0,Moderate,Medium
ABC,Grocery,2021-11-01,2360.399,0,1,11,2021,0,0,2512.237285714286,2527.7305,2389.301433333333,76004.192,2753.462,2600.874,2728.121,Moderate,Medium
ABC,Household,2021-11-01,1043.0,0,1,11,2021,0,0,1083.142857142857,1093.5,1021.1666666666666,32496.0,1150.0,1115.0,1128.0,Moderate,Medium
XYZ,Beverages,2021-11-01,779.0,0,1,11,2021,0,0,978.4285714285714,1012.7857142857143,988.0666666666667,31439.0,1153.0,787.0,886.0,High,Large
XYZ,Grocery,2021-11-01,2974.06,0,1,11,2021,0,0,3288.5080000000003,3214.142428571429,3168.5987000000005,101164.395,4152.643,2988.909,3659.504,High,Large
XYZ,Household,2021-11-01,1124.0,0,1,11,2021,0,0,1106.7142857142858,1105.142857142857,1093.3333333333333,34708.0,1456.0,1141.0,1186.0,High,Large
ABC,Beverages,2021-11-10,919.0,2,10,11,2021,0,0,1129.5714285714287,1067.9285714285713,1077.2666666666667,35869.0,908.0,787.0,1086.0,Moderate,Medium
ABC,Grocery,2021-11-10,2875.364,2,10,11,2021,0,0,2583.7458571428574,2546.560357142857,2389.7232999999997,78879.556,2360.399,2374.804,2611.746,Moderate,Medium
ABC,Household,2021-11-10,1159.0,2,10,11,2021,0,0,1075.2857142857142,1093.7857142857142,1023.1666666666666,33655.0,1043.0,1214.0,1155.0,Moderate,Medium
XYZ,Beverages,2021-11-10,931.0,2,10,11,2021,0,0,975.2857142857143,999.0714285714286,988.0333333333333,32370.0,779.0,953.0,1123.0,High,Large
XYZ,Grocery,2021-11-10,3645.634,2,10,11,2021,0,0,3351.8828571428576,3266.6585000000005,3177.6645666666664,104810.029,2974.06,3202.01,2910.409,High,Large
XYZ,Household,2021-11-10,1077.0,2,10,11,2021,0,0,1105.7142857142858,1103.2857142857142,1090.8,35785.0,1124.0,1084.0,1103.0,High,Large
ABC,Beverages,2021-11-11,1015.0,3,11,11,2021,0,0,1163.2857142857142,1051.4285714285713,1080.2,36884.0,919.0,779.0,1246.0,Moderate,Medium
ABC,Grocery,2021-11-11,2745.732,3,11,11,2021,0,0,2669.174142857143,2557.245142857143,2408.0415,81625.288,2875.364,2147.734,2596.145,Moderate,Medium
ABC,Household,2021-11-11,1480.0,3,11,11,2021,0,0,1157.2857142857142,1128.7142857142858,1040.9,35135.0,1159.0,906.0,991.0,Moderate,Medium
XYZ,Beverages,2021-11-11,1104.0,3,11,11,2021,0,0,1022.7142857142857,994.4285714285714,996.9333333333333,33474.0,931.0,772.0,1169.0,High,Large
XYZ,Grocery,2021-11-11,3553.718,3,11,11,2021,0,0,3478.534857142857,3305.8430714285714,3199.470366666667,108363.747,3645.634,2667.154,3005.134,High,Large
XYZ,Household,2021-11-11,1120.0,3,11,11,2021,0,0,1130.142857142857,1105.4285714285713,1096.8,36905.0,1077.0,949.0,1090.0,High,Large
ABC,Beverages,2021-11-12,1067.0,4,12,11,2021,0,0,1142.0,1034.5,1069.2,37951.0,1015.0,1216.0,1304.0,Moderate,Medium
ABC,Grocery,2021-11-12,2786.65,4,12,11,2021,0,0,2738.120428571429,2588.023142857143,2410.7864666666665,84411.938,2745.732,2304.026,2355.758,Moderate,Medium
ABC,Household,2021-11-12,1031.0,4,12,11,2021,0,0,1164.142857142857,1126.5714285714287,1037.1,36166.0,1480.0,983.0,1061.0,Moderate,Medium
XYZ,Beverages,2021-11-12,916.0,4,12,11,2021,0,0,1037.142857142857,965.1428571428571,999.2333333333333,34390.0,1104.0,815.0,1326.0,High,Large
XYZ,Grocery,2021-11-12,3067.068,4,12,11,2021,0,0,3457.6387142857143,3299.9342142857145,3199.8850666666667,111430.815,3553.718,3213.341,3149.792,High,Large
XYZ,Household,2021-11-12,999.0,4,12,11,2021,0,0,1127.7142857142858,1101.7142857142858,1098.2,37904.0,1120.0,1016.0,1051.0,High,Large
ABC,Beverages,2021-11-13,1273.0,5,13,11,2021,1,0,1095.0,1057.0714285714287,1082.7666666666667,39224.0,1067.0,1602.0,957.0,Moderate,Medium
ABC,Grocery,2021-11-13,2731.55,5,13,11,2021,1,0,2757.9911428571427,2598.3169999999996,2428.9548999999997,87143.488,2786.65,2592.455,2587.436,Moderate,Medium
ABC,Household,2021-11-13,1124.0,5,13,11,2021,1,0,1154.142857142857,1118.642857142857,1047.9666666666667,37290.0,1031.0,1194.0,1235.0,Moderate,Medium
XYZ,Beverages,2021-11-13,1075.0,5,13,11,2021,1,0,1033.0,953.5714285714286,999.1666666666666,35465.0,916.0,1104.0,1237.0,High,Large
XYZ,Grocery,2021-11-13,3263.398,5,13,11,2021,1,0,3452.868571428571,3283.1982142857146,3213.3824000000004,114694.213,3067.068,3296.789,3497.702,High,Large
XYZ,Household,2021-11-13,1046.0,5,13,11,2021,1,0,1138.4285714285713,1090.7857142857142,1100.3,38950.0,999.0,971.0,1199.0,High,Large
ABC,Beverages,2021-11-14,920.0,6,14,11,2021,1,0,1021.7142857142857,1054.857142857143,1079.1666666666667,40144.0,1273.0,1433.0,951.0,Moderate,Medium
ABC,Grocery,2021-11-14,2587.416,6,14,11,2021,1,0,2691.5104285714287,2627.033,2445.1218999999996,89730.904,2731.55,3052.781,2185.392,Moderate,Medium
ABC,Household,2021-11-14,992.0,6,14,11,2021,1,0,1139.857142857143,1117.9285714285713,1054.4333333333334,38282.0,1124.0,1092.0,1002.0,Moderate,Medium
XYZ,Beverages,2021-11-14,1220.0,6,14,11,2021,1,0,1025.4285714285713,994.6428571428571,1007.1666666666666,36685.0,1075.0,1273.0,645.0,High,Large
XYZ,Grocery,2021-11-14,4129.387,6,14,11,2021,1,0,3540.8440000000005,3406.9912142857142,3243.5258333333336,118823.6,3263.398,3513.559,2396.285,High,Large
XYZ,Household,2021-11-14,1155.0,6,14,11,2021,1,0,1139.5714285714287,1113.0,1101.6666666666667,40105.0,1046.0,1147.0,844.0,High,Large
ABC,Beverages,2021-11-15,761.0,0,15,11,2021,0,0,980.4285714285714,1043.5714285714287,1077.6,40905.0,920.0,1050.0,919.0,Moderate,Medium
ABC,Grocery,2021-11-15,2390.932,0,15,11,2021,0,0,2639.7204285714283,2593.155642857143,2465.571733333333,92121.836,2587.416,2753.462,2865.215,Moderate,Medium
ABC,Household,2021-11-15,830.0,0,15,11,2021,0,0,1094.142857142857,1093.7857142857142,1057.9666666666667,39112.0,992.0,1150.0,1168.0,Moderate,Medium
XYZ,Beverages,2021-11-15,822.0,0,15,11,2021,0,0,978.1428571428571,978.8571428571429,1006.6666666666666,37507.0,1220.0,1153.0,1043.0,High,Large
XYZ,Grocery,2021-11-15,3123.84,0,15,11,2021,0,0,3393.872142857142,3342.2507142857144,3244.1484,121947.44,4129.387,4152.643,4030.207,High,Large
XYZ,Household,2021-11-15,968.0,0,15,11,2021,0,0,1069.857142857143,1089.5,1094.7,41073.0,1155.0,1456.0,1297.0,High,Large
ABC,Beverages,2021-11-16,1021.0,1,16,11,2021,0,0,996.5714285714286,1053.642857142857,1060.3,41926.0,761.0,908.0,880.0,Moderate,Medium
ABC,Grocery,2021-11-16,2102.724,1,16,11,2021,0,0,2602.9097142857145,2557.5734999999995,2472.793533333333,94224.56,2390.932,2360.399,2600.874,Moderate,Medium
ABC,Household,2021-11-16,776.0,1,16,11,2021,0,0,1056.0,1069.5714285714287,1058.9333333333334,39888.0,830.0,1043.0,1115.0,Moderate,Medium
XYZ,Beverages,2021-11-16,940.0,1,16,11,2021,0,0,1001.1428571428571,989.7857142857143,994.8333333333334,38447.0,822.0,779.0,787.0,High,Large
XYZ,Grocery,2021-11-16,3186.6,1,16,11,2021,0,0,3424.235,3356.3715,3234.4947,125134.04,3123.84,2974.06,2988.909,High,Large
XYZ,Household,2021-11-16,966.0,1,16,11,2021,0,0,1047.2857142857142,1077.0,1081.5333333333333,42039.0,968.0,1124.0,1141.0,High,Large
ABC,Beverages,2021-11-17,985.0,2,17,11,2021,0,0,1006.0,1067.7857142857142,1044.5,42911.0,1021.0,919.0,787.0,Moderate,Medium
ABC,Grocery,2021-11-17,2884.498,2,17,11,2021,0,0,2604.2145714285716,2593.9802142857143,2483.1437,97109.058,2102.724,2875.364,2374.804,Moderate,Medium
ABC,Household,2021-11-17,998.0,2,17,11,2021,0,0,1033.0,1054.142857142857,1055.2,40886.0,776.0,1159.0,1214.0,Moderate,Medium
XYZ,Beverages,2021-11-17,924.0,2,17,11,2021,0,0,1000.1428571428571,987.7142857142857,997.1666666666666,39371.0,940.0,931.0,953.0,High,Large
XYZ,Grocery,2021-11-17,3368.546,2,17,11,2021,0,0,3384.6509999999994,3368.2669285714287,3253.6255,128502.586,3186.6,3645.634,3202.01,High,Large
XYZ,Household,2021-11-17,936.0,2,17,11,2021,0,0,1027.142857142857,1066.4285714285713,1077.9333333333334,42975.0,966.0,1077.0,1084.0,High,Large
ABC,Beverages,2021-11-18,754.0,3,18,11,2021,0,0,968.7142857142857,1066.0,1028.6,43665.0,985.0,1015.0,779.0,Moderate,Medium
ABC,Grocery,2021-11-18,2241.999,3,18,11,2021,0,0,2532.2527142857143,2600.7134285714287,2495.1576666666665,99351.057,2884.498,2745.732,2147.734,Moderate,Medium
ABC,Household,2021-11-18,907.0,3,18,11,2021,0,0,951.1428571428571,1054.2142857142858,1058.3666666666666,41793.0,998.0,1480.0,906.0,Moderate,Medium
XYZ,Beverages,2021-11-18,1021.0,3,18,11,2021,0,0,988.2857142857143,1005.5,997.0,40392.0,924.0,1104.0,772.0,High,Large
XYZ,Grocery,2021-11-18,3391.606,3,18,11,2021,0,0,3361.492142857143,3420.0135000000005,3286.701633333333,131894.192,3368.546,3553.718,2667.154,High,Large
XYZ,Household,2021-11-18,1213.0,3,18,11,2021,0,0,1040.4285714285713,1085.2857142857142,1088.9666666666667,44188.0,936.0,1120.0,949.0,High,Large
ABC,Beverages,2021-11-19,872.0,4,19,11,2021,0,0,940.8571428571429,1041.4285714285713,1028.2666666666667,44537.0,754.0,1067.0,1216.0,Moderate,Medium
ABC,Grocery,2021-11-19,2162.21,4,19,11,2021,0,0,2443.0469999999996,2590.583714285714,2492.3311999999996,101513.26699999999,2241.999,2786.65,2304.026,Moderate,Medium
ABC,Household,2021-11-19,755.0,4,19,11,2021,0,0,911.7142857142857,1037.9285714285713,1047.7666666666667,42548.0,907.0,1031.0,983.0,Moderate,Medium
XYZ,Beverages,2021-11-19,826.0,4,19,11,2021,0,0,975.4285714285714,1006.2857142857143,989.7333333333333,41218.0,1021.0,916.0,815.0,High,Large
XYZ,Grocery,2021-11-19,3089.73,4,19,11,2021,0,0,3364.729571428571,3411.184142857143,3267.053066666667,134983.922,3391.606,3067.068,3213.341,High,Large
XYZ,Household,2021-11-19,894.0,4,19,11,2021,0,0,1025.4285714285713,1076.5714285714287,1075.0666666666666,45082.0,1213.0,999.0,1016.0,High,Large
ABC,Beverages,2021-11-02,1114.0,1,2,11,2021,0,0,918.1428571428571,1006.5714285714286,1031.1666666666667,45651.0,872.0,1273.0,1602.0,Moderate,Medium
ABC,Grocery,2021-11-02,3013.684,1,2,11,2021,0,0,2483.351857142857,2620.6715000000004,2523.6947333333333,104526.951,2162.21,2731.55,2592.455,Moderate,Medium
ABC,Household,2021-11-02,1195.0,1,2,11,2021,0,0,921.8571428571429,1038.0,1054.4666666666667,43743.0,755.0,1124.0,1194.0,Moderate,Medium
XYZ,Beverages,2021-11-02,922.0,1,2,11,2021,0,0,953.5714285714286,993.2857142857143,990.3666666666667,42140.0,826.0,1075.0,1104.0,High,Large
XYZ,Grocery,2021-11-02,3610.716,1,2,11,2021,0,0,3414.3464285714285,3433.6074999999996,3297.908966666667,138594.638,3089.73,3263.398,3296.789,High,Large
XYZ,Household,2021-11-02,1195.0,1,2,11,2021,0,0,1046.7142857142858,1092.5714285714287,1082.6666666666667,46277.0,894.0,1046.0,971.0,High,Large
ABC,Beverages,2021-11-20,928.0,5,20,11,2021,1,0,919.2857142857143,970.5,1023.6666666666666,46579.0,1114.0,920.0,1433.0,Moderate,Medium
ABC,Grocery,2021-11-20,2338.141,5,20,11,2021,1,0,2447.7411428571427,2569.6257857142855,2523.1190666666666,106865.092,3013.684,2587.416,3052.781,Moderate,Medium
ABC,Household,2021-11-20,988.0,5,20,11,2021,1,0,921.2857142857143,1030.5714285714287,1055.5666666666666,44731.0,1195.0,992.0,1092.0,Moderate,Medium
XYZ,Beverages,2021-11-20,1168.0,5,20,11,2021,1,0,946.1428571428571,985.7857142857143,996.4,43308.0,922.0,1220.0,1273.0,High,Large
XYZ,Grocery,2021-11-20,3660.867,5,20,11,2021,1,0,3347.4150000000004,3444.1294999999996,3328.2091,142255.505,3610.716,4129.387,3513.559,High,Large
XYZ,Household,2021-11-20,1218.0,5,20,11,2021,1,0,1055.7142857142858,1097.642857142857,1095.9333333333334,47495.0,1195.0,1155.0,1147.0,High,Large
ABC,Beverages,2021-11-21,869.0,6,21,11,2021,1,0,934.7142857142857,957.5714285714286,1010.9,47448.0,928.0,761.0,1050.0,Moderate,Medium
ABC,Grocery,2021-11-21,2133.776,6,21,11,2021,1,0,2411.004571428571,2525.3625,2518.7638,108998.868,2338.141,2390.932,2753.462,Moderate,Medium
ABC,Household,2021-11-21,867.0,6,21,11,2021,1,0,926.5714285714286,1010.3571428571429,1044.8666666666666,45598.0,988.0,830.0,1150.0,Moderate,Medium
XYZ,Beverages,2021-11-21,1056.0,6,21,11,2021,1,0,979.5714285714286,978.8571428571429,1000.9333333333333,44364.0,1168.0,822.0,1153.0,High,Large
XYZ,Grocery,2021-11-21,3457.803,6,21,11,2021,1,0,3395.1240000000003,3394.498071428571,3331.4681666666665,145713.308,3660.867,3123.84,4152.643,High,Large
XYZ,Household,2021-11-21,1103.0,6,21,11,2021,1,0,1075.0,1072.4285714285713,1095.2333333333333,48598.0,1218.0,968.0,1456.0,High,Large
ABC,Beverages,2021-11-22,939.0,0,22,11,2021,0,0,923.0,959.7857142857143,1013.5,48387.0,869.0,1021.0,908.0,Moderate,Medium
ABC,Grocery,2021-11-22,2259.302,0,22,11,2021,0,0,2433.3728571428574,2518.141285714286,2522.5035333333335,111258.17,2133.776,2102.724,2360.399,Moderate,Medium
ABC,Household,2021-11-22,912.0,0,22,11,2021,0,0,946.0,1001.0,1046.1333333333334,46510.0,867.0,776.0,1043.0,Moderate,Medium
XYZ,Beverages,2021-11-22,722.0,0,22,11,2021,0,0,948.4285714285714,974.7857142857143,982.5666666666667,45086.0,1056.0,940.0,779.0,High,Large
XYZ,Grocery,2021-11-22,2496.75,0,22,11,2021,0,0,3296.574,3360.4044999999996,3275.4489333333336,148210.058,3457.803,3186.6,2974.06,High,Large
XYZ,Household,2021-11-22,729.0,0,22,11,2021,0,0,1041.142857142857,1044.2142857142858,1074.1,49327.0,1103.0,966.0,1124.0,High,Large
ABC,Beverages,2021-11-23,1181.0,1,23,11,2021,0,0,951.0,978.5,1020.0333333333333,49568.0,939.0,985.0,919.0,Moderate,Medium
ABC,Grocery,2021-11-23,2089.91,1,23,11,2021,0,0,2319.860285714286,2462.0374285714283,2515.3412000000003,113348.08,2259.302,2884.498,2875.364,Moderate,Medium
ABC,Household,2021-11-23,809.0,1,23,11,2021,0,0,919.0,976.0,1042.0,47319.0,912.0,998.0,1159.0,Moderate,Medium
XYZ,Beverages,2021-11-23,834.0,1,23,11,2021,0,0,935.5714285714286,967.8571428571429,984.8666666666667,45920.0,722.0,924.0,931.0,High,Large
XYZ,Grocery,2021-11-23,2828.034,1,23,11,2021,0,0,3219.358,3302.0044999999996,3284.3731666666667,151038.092,2496.75,3368.546,3645.634,High,Large
XYZ,Household,2021-11-23,915.0,1,23,11,2021,0,0,1038.142857142857,1032.642857142857,1073.0666666666666,50242.0,729.0,936.0,1077.0,High,Large
ABC,Beverages,2021-11-24,1047.0,2,24,11,2021,0,0,992.8571428571429,980.7857142857143,1026.1,50615.0,1181.0,754.0,1015.0,Moderate,Medium
ABC,Grocery,2021-11-24,2084.942,2,24,11,2021,0,0,2297.4235714285714,2414.8381428571424,2493.9019,115433.022,2089.91,2241.999,2745.732,Moderate,Medium
ABC,Household,2021-11-24,856.0,2,24,11,2021,0,0,911.7142857142857,931.4285714285714,1032.9333333333334,48175.0,809.0,907.0,1480.0,Moderate,Medium
XYZ,Beverages,2021-11-24,661.0,2,24,11,2021,0,0,884.1428571428571,936.2142857142857,977.3666666666667,46581.0,834.0,1021.0,1104.0,High,Large
XYZ,Grocery,2021-11-24,2984.714,2,24,11,2021,0,0,3161.2305714285717,3261.361357142857,3261.880166666667,154022.806,2828.034,3391.606,3553.718,High,Large
XYZ,Household,2021-11-24,733.0,2,24,11,2021,0,0,969.5714285714286,1005.0,1057.9666666666667,50975.0,915.0,1213.0,1120.0,High,Large
ABC,Beverages,2021-11-25,1283.0,3,25,11,2021,0,0,1051.5714285714287,996.2142857142857,1032.6666666666667,51898.0,1047.0,872.0,1067.0,Moderate,Medium
ABC,Grocery,2021-11-25,3299.456,3,25,11,2021,0,0,2459.8872857142856,2451.467142857143,2516.825566666667,118732.478,2084.942,2162.21,2786.65,Moderate,Medium
ABC,Household,2021-11-25,1161.0,3,25,11,2021,0,0,969.7142857142857,940.7142857142857,1033.1333333333334,49336.0,856.0,755.0,1031.0,Moderate,Medium
XYZ,Beverages,2021-11-25,1014.0,3,25,11,2021,0,0,911.0,943.2142857142857,973.7333333333333,47595.0,661.0,826.0,916.0,High,Large
XYZ,Grocery,2021-11-25,3240.023,3,25,11,2021,0,0,3182.701,3273.7152857142855,3272.8673,157262.829,2984.714,3089.73,3067.068,High,Large
XYZ,Household,2021-11-25,1182.0,3,25,11,2021,0,0,1010.7142857142857,1018.0714285714286,1060.6,52157.0,733.0,894.0,999.0,High,Large
ABC,Beverages,2021-11-26,1115.0,4,26,11,2021,0,0,1051.7142857142858,984.9285714285714,1028.3,53013.0,1283.0,1114.0,1273.0,Moderate,Medium
ABC,Grocery,2021-11-26,3430.224,4,26,11,2021,0,0,2519.393,2501.3724285714284,2544.6282,122162.702,3299.456,3013.684,2731.55,Moderate,Medium
ABC,Household,2021-11-26,1219.0,4,26,11,2021,0,0,973.1428571428571,947.5,1040.7333333333333,50555.0,1161.0,1195.0,1124.0,Moderate,Medium
XYZ,Beverages,2021-11-26,1014.0,4,26,11,2021,0,0,924.1428571428571,938.8571428571429,968.5666666666667,48609.0,1014.0,922.0,1075.0,High,Large
XYZ,Grocery,2021-11-26,3188.59,4,26,11,2021,0,0,3122.397285714286,3268.371857142857,3278.9824999999996,160451.419,3240.023,3610.716,3263.398,High,Large
XYZ,Household,2021-11-26,1059.0,4,26,11,2021,0,0,991.2857142857143,1019.0,1059.5666666666666,53216.0,1182.0,1195.0,1046.0,High,Large
ABC,Beverages,2021-11-27,1241.0,5,27,11,2021,1,0,1096.4285714285713,1007.8571428571429,1026.2,54254.0,1115.0,928.0,920.0,Moderate,Medium
ABC,Grocery,2021-11-27,3062.398,5,27,11,2021,1,0,2622.858285714286,2535.2997142857143,2568.182866666667,125225.1,3430.224,2338.141,2587.416,Moderate,Medium
ABC,Household,2021-11-27,1137.0,5,27,11,2021,1,0,994.4285714285714,957.8571428571429,1043.2666666666667,51692.0,1219.0,988.0,992.0,Moderate,Medium
XYZ,Beverages,2021-11-27,1255.0,5,27,11,2021,1,0,936.5714285714286,941.3571428571429,966.2,49864.0,1014.0,1168.0,1220.0,High,Large
XYZ,Grocery,2021-11-27,3854.659,5,27,11,2021,1,0,3150.081857142857,3248.7484285714286,3302.478066666666,164306.078,3188.59,3660.867,4129.387,High,Large
XYZ,Household,2021-11-27,1339.0,5,27,11,2021,1,0,1008.5714285714286,1032.142857142857,1069.1666666666667,54555.0,1059.0,1218.0,1155.0,High,Large
ABC,Beverages,2021-11-28,1168.0,6,28,11,2021,1,0,1139.142857142857,1036.9285714285713,1033.2333333333333,55422.0,1241.0,869.0,761.0,Moderate,Medium
ABC,Grocery,2021-11-28,3162.37,6,28,11,2021,1,0,2769.8002857142856,2590.4024285714286,2587.347333333333,128387.47,3062.398,2133.776,2390.932,Moderate,Medium
ABC,Household,2021-11-28,1253.0,6,28,11,2021,1,0,1049.5714285714287,988.0714285714286,1043.8666666666666,52945.0,1137.0,867.0,830.0,Moderate,Medium
XYZ,Beverages,2021-11-28,1245.0,6,28,11,2021,1,0,963.5714285714286,971.5714285714286,966.4666666666667,51109.0,1255.0,1056.0,822.0,High,Large
XYZ,Grocery,2021-11-28,4354.629,6,28,11,2021,1,0,3278.1998571428567,3336.6619285714287,3331.0423,168660.707,3854.659,3457.803,3123.84,High,Large
XYZ,Household,2021-11-28,1442.0,6,28,11,2021,1,0,1057.0,1066.0,1077.2666666666667,55997.0,1339.0,1103.0,968.0,High,Large
ABC,Beverages,2021-11-29,892.0,0,29,11,2021,0,0,1132.4285714285713,1027.7142857142858,1031.2666666666667,56314.0,1168.0,939.0,1021.0,Moderate,Medium
ABC,Grocery,2021-11-29,2544.853,0,29,11,2021,0,0,2810.5932857142857,2621.9830714285713,2599.329366666667,130932.323,3162.37,2259.302,2102.724,Moderate,Medium
ABC,Household,2021-11-29,1061.0,0,29,11,2021,0,0,1070.857142857143,1008.4285714285714,1045.8333333333333,54006.0,1253.0,912.0,776.0,Moderate,Medium
XYZ,Beverages,2021-11-29,966.0,0,29,11,2021,0,0,998.4285714285714,973.4285714285714,977.1666666666666,52075.0,1245.0,722.0,940.0,High,Large
XYZ,Grocery,2021-11-29,3121.67,0,29,11,2021,0,0,3367.474142857143,3332.0240714285715,3355.2218000000003,171782.377,4354.629,2496.75,3186.6,High,Large
XYZ,Household,2021-11-29,967.0,0,29,11,2021,0,0,1091.0,1066.0714285714287,1081.3666666666666,56964.0,1442.0,729.0,966.0,High,Large
ABC,Beverages,2021-11-03,830.0,2,3,11,2021,0,0,1082.2857142857142,1016.6428571428571,1028.3,57144.0,892.0,1181.0,985.0,Moderate,Medium
ABC,Grocery,2021-11-03,2155.128,2,3,11,2021,0,0,2819.9101428571425,2569.885214285714,2575.6598,133087.451,2544.853,2089.91,2884.498,Moderate,Medium
ABC,Household,2021-11-03,819.0,2,3,11,2021,0,0,1072.2857142857142,995.6428571428571,1034.2,54825.0,1061.0,809.0,998.0,Moderate,Medium
XYZ,Beverages,2021-11-03,839.0,2,3,11,2021,0,0,999.1428571428571,967.3571428571429,970.3666666666667,52914.0,966.0,834.0,924.0,High,Large
XYZ,Grocery,2021-11-03,3264.1,2,3,11,2021,0,0,3429.7692857142856,3324.5636428571424,3329.6849,175046.477,3121.67,2828.034,3368.546,High,Large
XYZ,Household,2021-11-03,1106.0,2,3,11,2021,0,0,1118.2857142857142,1078.2142857142858,1075.0,58070.0,967.0,915.0,936.0,High,Large
ABC,Beverages,2021-11-30,1116.0,1,30,11,2021,0,0,1092.142857142857,1042.5,1036.1666666666667,58260.0,830.0,1047.0,754.0,Moderate,Medium
ABC,Grocery,2021-11-30,2598.866,1,30,11,2021,0,0,2893.3278571428573,2595.3757142857144,2575.5928666666664,135686.317,2155.128,2084.942,2241.999,Moderate,Medium
ABC,Household,2021-11-30,1000.0,1,30,11,2021,0,0,1092.857142857143,1002.2857142857143,1030.3666666666666,55825.0,819.0,856.0,907.0,Moderate,Medium
XYZ,Beverages,2021-11-30,1026.0,1,30,11,2021,0,0,1051.2857142857142,967.7142857142857,978.3333333333334,53940.0,839.0,661.0,1021.0,High,Large
XYZ,Grocery,2021-11-30,3602.741,1,30,11,2021,0,0,3518.058857142857,3339.644714285714,3350.1459666666665,178649.218,3264.1,2984.714,3391.606,High,Large
XYZ,Household,2021-11-30,1086.0,1,30,11,2021,0,0,1168.7142857142858,1069.142857142857,1073.1666666666667,59156.0,1106.0,733.0,1213.0,High,Large
ABC,Beverages,2021-11-04,1253.0,3,4,11,2021,0,0,1087.857142857143,1069.7142857142858,1051.7,59513.0,1116.0,1283.0,872.0,Moderate,Medium
ABC,Grocery,2021-11-04,2642.306,3,4,11,2021,0,0,2799.449285714286,2629.6682857142864,2584.5096,138328.623,2598.866,3299.456,2162.21,Moderate,Medium
ABC,Household,2021-11-04,921.0,3,4,11,2021,0,0,1058.5714285714287,1014.1428571428571,1020.6,56746.0,1000.0,1161.0,755.0,Moderate,Medium
XYZ,Beverages,2021-11-04,913.0,3,4,11,2021,0,0,1036.857142857143,973.9285714285714,977.0,54853.0,1026.0,1014.0,826.0,High,Large
XYZ,Grocery,2021-11-04,3263.081,3,4,11,2021,0,0,3521.352857142857,3352.0269285714285,3352.1816666666664,181912.299,3602.741,3240.023,3089.73,High,Large
XYZ,Household,2021-11-04,948.0,3,4,11,2021,0,0,1135.2857142857142,1073.0,1068.6333333333334,60104.0,1086.0,1182.0,894.0,High,Large
ABC,Beverages,2021-11-05,988.0,4,5,11,2021,0,0,1069.7142857142858,1060.7142857142858,1058.6666666666667,60501.0,1253.0,1115.0,1114.0,Moderate,Medium
ABC,Grocery,2021-11-05,2651.582,4,5,11,2021,0,0,2688.2147142857143,2603.8038571428574,2601.3045333333334,140980.205,2642.306,3430.224,3013.684,Moderate,Medium
ABC,Household,2021-11-05,984.0,4,5,11,2021,0,0,1025.0,999.0714285714286,1023.2,57730.0,921.0,1219.0,1195.0,Moderate,Medium
XYZ,Beverages,2021-11-05,906.0,4,5,11,2021,0,0,1021.4285714285714,972.7857142857143,981.4666666666667,55759.0,913.0,1014.0,922.0,High,Large
XYZ,Grocery,2021-11-05,3280.828,4,5,11,2021,0,0,3534.529714285714,3328.4635000000003,3372.637466666667,185193.127,3263.081,3188.59,3610.716,High,Large
XYZ,Household,2021-11-05,963.0,4,5,11,2021,0,0,1121.5714285714287,1056.4285714285713,1069.1,61067.0,948.0,1059.0,1195.0,High,Large
ABC,Beverages,2021-11-06,879.0,5,6,11,2021,1,0,1018.0,1057.2142857142858,1047.4333333333334,61380.0,988.0,1241.0,928.0,Moderate,Medium
ABC,Grocery,2021-11-06,2606.006,5,6,11,2021,1,0,2623.0158571428574,2622.9370714285715,2611.3705333333332,143586.211,2651.582,3062.398,2338.141,Moderate,Medium
ABC,Household,2021-11-06,1151.0,5,6,11,2021,1,0,1027.0,1010.7142857142857,1028.8,58881.0,984.0,1137.0,988.0,Moderate,Medium
XYZ,Beverages,2021-11-06,1085.0,5,6,11,2021,1,0,997.1428571428571,966.8571428571429,990.4666666666667,56844.0,906.0,1255.0,1168.0,High,Large
XYZ,Grocery,2021-11-06,3616.864,5,6,11,2021,1,0,3500.559,3325.3204285714287,3386.0882333333334,188809.991,3280.828,3854.659,3660.867,High,Large
XYZ,Household,2021-11-06,1314.0,5,6,11,2021,1,0,1118.0,1063.2857142857142,1079.0333333333333,62381.0,963.0,1339.0,1218.0,High,Large
ABC,Beverages,2021-11-07,937.0,6,7,11,2021,1,0,985.0,1062.0714285714287,1025.2666666666667,62317.0,879.0,1168.0,869.0,Moderate,Medium
ABC,Grocery,2021-11-07,2644.82,6,7,11,2021,1,0,2549.080142857143,2659.4402142857143,2613.1160333333332,146231.031,2606.006,3162.37,2133.776,Moderate,Medium
ABC,Household,2021-11-07,997.0,6,7,11,2021,1,0,990.4285714285714,1020.0,1022.2333333333333,59878.0,1151.0,1253.0,867.0,Moderate,Medium
XYZ,Beverages,2021-11-07,1043.0,6,7,11,2021,1,0,968.2857142857143,965.9285714285714,988.4333333333333,57887.0,1085.0,1245.0,1056.0,High,Large
XYZ,Grocery,2021-11-07,3603.962,6,7,11,2021,1,0,3393.320857142857,3335.7603571428576,3396.327333333333,192413.953,3616.864,4354.629,3457.803,High,Large
XYZ,Household,2021-11-07,1252.0,6,7,11,2021,1,0,1090.857142857143,1073.9285714285713,1088.4,63633.0,1314.0,1442.0,1103.0,High,Large
ABC,Beverages,2021-11-08,972.0,0,8,11,2021,0,0,996.4285714285714,1064.4285714285713,1009.9,63289.0,937.0,892.0,939.0,Moderate,Medium
ABC,Grocery,2021-11-08,2314.638,0,8,11,2021,0,0,2516.1922857142854,2663.3927857142853,2588.5112666666664,148545.669,2644.82,2544.853,2259.302,Moderate,Medium
ABC,Household,2021-11-08,883.0,0,8,11,2021,0,0,965.0,1017.9285714285714,1015.2666666666667,60761.0,997.0,1061.0,912.0,Moderate,Medium
XYZ,Beverages,2021-11-08,676.0,0,8,11,2021,0,0,926.8571428571429,962.6428571428571,968.5333333333333,58563.0,1043.0,966.0,722.0,High,Large
XYZ,Grocery,2021-11-08,2872.414,0,8,11,2021,0,0,3357.7128571428575,3362.5935,3374.9558333333334,195286.367,3603.962,3121.67,2496.75,High,Large
XYZ,Household,2021-11-08,942.0,0,8,11,2021,0,0,1087.2857142857142,1089.142857142857,1081.5666666666666,64575.0,1252.0,967.0,729.0,High,Large
ABC,Beverages,2021-11-09,814.0,1,9,11,2021,0,0,994.1428571428571,1038.2142857142858,1002.0333333333333,64103.0,972.0,830.0,1181.0,Moderate,Medium
ABC,Grocery,2021-11-09,2474.046,1,9,11,2021,0,0,2561.752,2690.8310714285717,2579.1973999999996,151019.715,2314.638,2155.128,2089.91,Moderate,Medium
ABC,Household,2021-11-09,930.0,1,9,11,2021,0,0,980.8571428571429,1026.5714285714287,1007.9333333333333,61691.0,883.0,819.0,809.0,Moderate,Medium
XYZ,Beverages,2021-11-09,971.0,1,9,11,2021,0,0,945.7142857142857,972.4285714285714,962.4666666666667,59534.0,676.0,839.0,834.0,High,Large
XYZ,Grocery,2021-11-09,3598.112,1,9,11,2021,0,0,3405.4288571428574,3417.5990714285713,3356.471466666667,198884.479,2872.414,3264.1,2828.034,High,Large
XYZ,Household,2021-11-09,1117.0,1,9,11,2021,0,0,1088.857142857143,1103.5714285714287,1070.2666666666667,65692.0,942.0,1106.0,915.0,High,Large
ABC,Beverages,2021-12-01,981.0,2,1,12,2021,0,0,974.8571428571429,1033.5,1004.4666666666667,65084.0,814.0,1116.0,1047.0,Moderate,Medium
ABC,Grocery,2021-12-01,2867.41,2,1,12,2021,0,0,2600.1154285714288,2746.7216428571423,2596.0977666666668,153887.125,2474.046,2598.866,2084.942,Moderate,Medium
ABC,Household,2021-12-01,1185.0,2,1,12,2021,0,0,1007.2857142857143,1050.0714285714287,1012.6666666666666,62876.0,930.0,1000.0,856.0,Moderate,Medium
XYZ,Beverages,2021-12-01,1053.0,2,1,12,2021,0,0,949.5714285714286,1000.4285714285714,971.6,60587.0,971.0,1026.0,661.0,High,Large
XYZ,Grocery,2021-12-01,3248.585,2,1,12,2021,0,0,3354.835142857143,3436.4469999999997,3365.6223,202133.064,3598.112,3602.741,2984.714,High,Large
XYZ,Household,2021-12-01,1166.0,2,1,12,2021,0,0,1100.2857142857142,1134.5,1071.6666666666667,66858.0,1117.0,1086.0,733.0,High,Large
ABC,Beverages,2021-12-10,1507.0,4,10,12,2021,0,0,1011.1428571428571,1049.5,1024.0666666666666,66591.0,981.0,1253.0,1283.0,Moderate,Medium
ABC,Grocery,2021-12-10,2564.629,4,10,12,2021,0,0,2589.0187142857144,2694.234,2585.7399333333333,156451.754,2867.41,2642.306,3299.456,Moderate,Medium
ABC,Household,2021-12-10,1154.0,4,10,12,2021,0,0,1040.5714285714287,1049.5714285714287,1012.5,64030.0,1185.0,921.0,1161.0,Moderate,Medium
XYZ,Beverages,2021-12-10,1225.0,4,10,12,2021,0,0,994.1428571428571,1015.5,981.4,61812.0,1053.0,913.0,1014.0,High,Large
XYZ,Grocery,2021-12-10,3035.451,4,10,12,2021,0,0,3322.3165714285715,3421.834714285714,3345.282866666667,205168.515,3248.585,3263.081,3240.023,High,Large
XYZ,Household,2021-12-10,996.0,4,10,12,2021,0,0,1107.142857142857,1121.2142857142858,1068.9666666666667,67854.0,1166.0,948.0,1182.0,High,Large
ABC,Beverages,2021-12-11,1285.0,5,11,12,2021,1,0,1053.5714285714287,1061.642857142857,1033.0666666666666,67876.0,1507.0,988.0,1115.0,Moderate,Medium
ABC,Grocery,2021-12-11,3040.035,5,11,12,2021,1,0,2644.5119999999997,2666.3633571428572,2595.5500333333334,159491.789,2564.629,2651.582,3430.224,Moderate,Medium
ABC,Household,2021-12-11,1408.0,5,11,12,2021,1,0,1101.142857142857,1063.0714285714287,1010.1,65438.0,1154.0,984.0,1219.0,Moderate,Medium
XYZ,Beverages,2021-12-11,1246.0,5,11,12,2021,1,0,1042.7142857142858,1032.0714285714287,986.1333333333333,63058.0,1225.0,906.0,1014.0,High,Large
XYZ,Grocery,2021-12-11,3652.503,5,11,12,2021,1,0,3375.413,3454.9713571428574,3348.5757,208821.018,3035.451,3280.828,3188.59,High,Large
XYZ,Household,2021-12-11,1213.0,5,11,12,2021,1,0,1142.857142857143,1132.2142857142858,1072.0666666666666,69067.0,996.0,963.0,1059.0,High,Large
ABC,Beverages,2021-12-12,1038.0,6,12,12,2021,1,0,1076.2857142857142,1047.142857142857,1032.1,68914.0,1285.0,879.0,1241.0,Moderate,Medium
ABC,Grocery,2021-12-12,2595.476,6,12,12,2021,1,0,2643.0077142857144,2633.0117857142855,2589.1775666666667,162087.265,3040.035,2606.006,3062.398,Moderate,Medium
ABC,Household,2021-12-12,1155.0,6,12,12,2021,1,0,1101.7142857142858,1064.357142857143,1014.2333333333333,66593.0,1408.0,1151.0,1137.0,Moderate,Medium
XYZ,Beverages,2021-12-12,1152.0,6,12,12,2021,1,0,1052.2857142857142,1024.7142857142858,994.0,64210.0,1246.0,1085.0,1255.0,High,Large
XYZ,Grocery,2021-12-12,3838.976,6,12,12,2021,1,0,3407.143285714286,3453.851142857143,3374.305966666667,212659.994,3652.503,3616.864,3854.659,High,Large
XYZ,Household,2021-12-12,1408.0,6,12,12,2021,1,0,1156.2857142857142,1137.142857142857,1085.7,70475.0,1213.0,1314.0,1339.0,High,Large
ABC,Beverages,2021-12-13,906.0,0,13,12,2021,0,0,1071.857142857143,1028.4285714285713,1019.8666666666667,69820.0,1038.0,937.0,1168.0,Moderate,Medium
ABC,Grocery,2021-12-13,2538.438,0,13,12,2021,0,0,2627.8102857142853,2588.4452142857144,2582.7405,164625.703,2595.476,2644.82,3162.37,Moderate,Medium
ABC,Household,2021-12-13,882.0,0,13,12,2021,0,0,1085.2857142857142,1037.857142857143,1006.1666666666666,67475.0,1155.0,997.0,1253.0,Moderate,Medium
XYZ,Beverages,2021-12-13,862.0,0,13,12,2021,0,0,1026.4285714285713,997.3571428571429,986.9,65072.0,1152.0,1043.0,1245.0,High,Large
XYZ,Grocery,2021-12-13,2989.156,0,13,12,2021,0,0,3319.313857142857,3356.317357142857,3365.1645666666664,215649.15,3838.976,3603.962,4354.629,High,Large
XYZ,Household,2021-12-13,1164.0,0,13,12,2021,0,0,1143.7142857142858,1117.2857142857142,1089.6333333333334,71639.0,1408.0,1252.0,1442.0,High,Large
ABC,Beverages,2021-12-14,1441.0,1,14,12,2021,0,0,1138.857142857143,1067.642857142857,1037.2333333333333,71261.0,906.0,972.0,892.0,Moderate,Medium
ABC,Grocery,2021-12-14,2397.473,1,14,12,2021,0,0,2639.6438571428566,2577.9180714285717,2576.4090666666666,167023.176,2538.438,2314.638,2544.853,Moderate,Medium
ABC,Household,2021-12-14,1119.0,1,14,12,2021,0,0,1119.0,1042.0,1010.4,68594.0,882.0,883.0,1061.0,Moderate,Medium
XYZ,Beverages,2021-12-14,943.0,1,14,12,2021,0,0,1064.5714285714287,995.7142857142857,977.6666666666666,66015.0,862.0,676.0,966.0,High,Large
XYZ,Grocery,2021-12-14,3833.672,1,14,12,2021,0,0,3456.6364285714285,3407.1746428571428,3355.3073999999997,219482.82200000001,2989.156,2872.414,3121.67,High,Large
XYZ,Household,2021-12-14,1007.0,1,14,12,2021,0,0,1153.0,1120.142857142857,1084.7,72646.0,1164.0,942.0,967.0,High,Large
ABC,Beverages,2021-12-15,996.0,2,15,12,2021,0,0,1164.857142857143,1079.5,1045.0666666666666,72257.0,1441.0,814.0,830.0,Moderate,Medium
ABC,Grocery,2021-12-15,2271.71,2,15,12,2021,0,0,2610.738714285714,2586.2453571428573,2572.435,169294.886,2397.473,2474.046,2155.128,Moderate,Medium
ABC,Household,2021-12-15,806.0,2,15,12,2021,0,0,1101.2857142857142,1041.0714285714287,1009.6,69400.0,1119.0,930.0,819.0,Moderate,Medium
XYZ,Beverages,2021-12-15,982.0,2,15,12,2021,0,0,1066.142857142857,1005.9285714285714,983.0,66997.0,943.0,971.0,839.0,High,Large
XYZ,Grocery,2021-12-15,2993.919,2,15,12,2021,0,0,3370.323142857143,3387.876,3350.9766999999997,222476.741,3833.672,3598.112,3264.1,High,Large
XYZ,Household,2021-12-15,909.0,2,15,12,2021,0,0,1123.2857142857142,1106.0714285714287,1082.7333333333333,73555.0,1007.0,1117.0,1106.0,High,Large
ABC,Beverages,2021-12-16,1743.0,3,16,12,2021,0,0,1273.7142857142858,1124.2857142857142,1069.1333333333334,74000.0,996.0,981.0,1116.0,Moderate,Medium
ABC,Grocery,2021-12-16,4087.51,3,16,12,2021,0,0,2785.0387142857144,2692.5770714285713,2638.5945333333334,173382.396,2271.71,2867.41,2598.866,Moderate,Medium
ABC,Household,2021-12-16,943.0,3,16,12,2021,0,0,1066.7142857142858,1037.0,1015.1666666666666,70343.0,806.0,1185.0,1000.0,Moderate,Medium
XYZ,Beverages,2021-12-16,991.0,3,16,12,2021,0,0,1057.2857142857142,1003.4285714285714,984.7,67988.0,982.0,1053.0,1026.0,High,Large
XYZ,Grocery,2021-12-16,3201.697,3,16,12,2021,0,0,3363.6248571428573,3359.23,3351.4799333333335,225678.438,2993.919,3248.585,3602.741,High,Large
XYZ,Household,2021-12-16,971.0,3,16,12,2021,0,0,1095.4285714285713,1097.857142857143,1082.9,74526.0,909.0,1166.0,1086.0,High,Large
ABC,Beverages,2021-12-17,1139.0,4,17,12,2021,0,0,1221.142857142857,1116.142857142857,1074.2666666666667,75139.0,1743.0,1507.0,1253.0,Moderate,Medium
ABC,Grocery,2021-12-17,2322.104,4,17,12,2021,0,0,2750.3922857142857,2669.7054999999996,2619.8480666666665,175704.5,4087.51,2564.629,2642.306,Moderate,Medium
ABC,Household,2021-12-17,1040.0,4,17,12,2021,0,0,1050.4285714285713,1045.5,1016.5666666666667,71383.0,943.0,1154.0,921.0,Moderate,Medium
XYZ,Beverages,2021-12-17,1021.0,4,17,12,2021,0,0,1028.142857142857,1011.1428571428571,987.9333333333333,69009.0,991.0,1225.0,913.0,High,Large
XYZ,Grocery,2021-12-17,3431.821,4,17,12,2021,0,0,3420.2491428571434,3371.282857142857,3353.5891,229110.259,3201.697,3035.451,3263.081,High,Large
XYZ,Household,2021-12-17,951.0,4,17,12,2021,0,0,1089.0,1098.0714285714287,1083.4,75477.0,971.0,996.0,948.0,High,Large
ABC,Beverages,2021-12-18,1300.0,5,18,12,2021,1,0,1223.2857142857142,1138.4285714285713,1092.4666666666667,76439.0,1139.0,1285.0,988.0,Moderate,Medium
ABC,Grocery,2021-12-18,2604.076,5,18,12,2021,1,0,2688.1124285714286,2666.312214285714,2631.9173,178308.576,2322.104,3040.035,2651.582,Moderate,Medium
ABC,Household,2021-12-18,1028.0,5,18,12,2021,1,0,996.1428571428571,1048.642857142857,1020.6,72411.0,1040.0,1408.0,984.0,Moderate,Medium
XYZ,Beverages,2021-12-18,980.0,5,18,12,2021,1,0,990.1428571428571,1016.4285714285714,986.5666666666667,69989.0,1021.0,1246.0,906.0,High,Large
XYZ,Grocery,2021-12-18,3913.222,5,18,12,2021,1,0,3457.494714285714,3416.453857142857,3370.9763000000003,233023.481,3431.821,3652.503,3280.828,High,Large
XYZ,Household,2021-12-18,1280.0,5,18,12,2021,1,0,1098.5714285714287,1120.7142857142858,1085.6333333333334,76757.0,951.0,1213.0,963.0,High,Large
ABC,Beverages,2021-12-19,987.0,6,19,12,2021,1,0,1216.0,1146.142857142857,1096.3,77426.0,1300.0,1038.0,879.0,Moderate,Medium
ABC,Grocery,2021-12-19,2654.286,6,19,12,2021,1,0,2696.5138571428574,2669.7607857142857,2648.3198333333335,180962.862,2604.076,2595.476,2606.006,Moderate,Medium
ABC,Household,2021-12-19,974.0,6,19,12,2021,1,0,970.2857142857143,1036.0,1027.9,73385.0,1028.0,1155.0,1151.0,Moderate,Medium
XYZ,Beverages,2021-12-19,1462.0,6,19,12,2021,1,0,1034.4285714285713,1043.357142857143,1007.7666666666667,71451.0,980.0,1152.0,1085.0,High,Large
XYZ,Grocery,2021-12-19,3986.65,6,19,12,2021,1,0,3478.591,3442.867142857143,3400.8736333333336,237010.131,3913.222,3838.976,3616.864,High,Large
XYZ,Household,2021-12-19,1372.0,6,19,12,2021,1,0,1093.4285714285713,1124.857142857143,1101.5666666666666,78129.0,1280.0,1408.0,1314.0,High,Large
ABC,Beverages,2021-12-02,1274.0,3,2,12,2021,0,0,1268.5714285714287,1170.2142857142858,1101.6333333333334,78700.0,987.0,906.0,937.0,Moderate,Medium
ABC,Grocery,2021-12-02,2614.074,3,2,12,2021,0,0,2707.319,2667.5646428571426,2634.9995,183576.936,2654.286,2538.438,2644.82,Moderate,Medium
ABC,Household,2021-12-02,1235.0,3,2,12,2021,0,0,1020.7142857142857,1053.0,1029.2333333333333,74620.0,974.0,882.0,997.0,Moderate,Medium
XYZ,Beverages,2021-12-02,1069.0,3,2,12,2021,0,0,1064.0,1045.2142857142858,1012.6666666666666,72520.0,1462.0,862.0,1043.0,High,Large
XYZ,Grocery,2021-12-02,3213.01,3,2,12,2021,0,0,3510.5701428571433,3414.942,3387.6167666666665,240223.141,3986.65,2989.156,3603.962,High,Large
XYZ,Household,2021-12-02,1035.0,3,2,12,2021,0,0,1075.0,1109.357142857143,1096.2333333333333,79164.0,1372.0,1164.0,1252.0,High,Large
ABC,Beverages,2021-12-20,1297.0,0,20,12,2021,0,0,1248.0,1193.4285714285713,1113.9333333333334,79997.0,1274.0,1441.0,972.0,Moderate,Medium
ABC,Grocery,2021-12-20,2608.897,0,20,12,2021,0,0,2737.522428571429,2688.5831428571432,2644.0247,186185.833,2614.074,2397.473,2314.638,Moderate,Medium
ABC,Household,2021-12-20,1219.0,0,20,12,2021,0,0,1035.0,1077.0,1036.9333333333334,75839.0,1235.0,1119.0,883.0,Moderate,Medium
XYZ,Beverages,2021-12-20,888.0,0,20,12,2021,0,0,1056.142857142857,1060.357142857143,1003.3333333333334,73408.0,1069.0,943.0,676.0,High,Large
XYZ,Grocery,2021-12-20,2859.373,0,20,12,2021,0,0,3371.3845714285717,3414.0105000000003,3360.9003,243082.514,3213.01,3833.672,2872.414,High,Large
XYZ,Household,2021-12-20,1000.0,0,20,12,2021,0,0,1074.0,1113.5,1088.9666666666667,80164.0,1035.0,1007.0,942.0,High,Large
ABC,Beverages,2021-12-21,1054.0,1,21,12,2021,0,0,1256.2857142857142,1210.5714285714287,1120.1,81051.0,1297.0,996.0,814.0,Moderate,Medium
ABC,Grocery,2021-12-21,2679.96,1,21,12,2021,0,0,2795.843857142857,2703.291285714286,2662.2308333333335,188865.793,2608.897,2271.71,2474.046,Moderate,Medium
ABC,Household,2021-12-21,1075.0,1,21,12,2021,0,0,1073.4285714285713,1087.357142857143,1043.8666666666666,76914.0,1219.0,806.0,930.0,Moderate,Medium
XYZ,Beverages,2021-12-21,845.0,1,21,12,2021,0,0,1036.5714285714287,1051.357142857143,996.3,74253.0,888.0,982.0,971.0,High,Large
XYZ,Grocery,2021-12-21,2962.19,1,21,12,2021,0,0,3366.851857142857,3368.5875000000005,3344.3798666666667,246044.704,2859.373,2993.919,3598.112,High,Large
XYZ,Household,2021-12-21,987.0,1,21,12,2021,0,0,1085.142857142857,1104.2142857142858,1085.1,81151.0,1000.0,909.0,1117.0,High,Large
ABC,Beverages,2021-12-22,1519.0,2,22,12,2021,0,0,1224.2857142857142,1249.0,1139.4333333333334,82570.0,1054.0,1743.0,981.0,Moderate,Medium
ABC,Grocery,2021-12-22,2804.733,2,22,12,2021,0,0,2612.59,2698.8143571428577,2680.411866666667,191670.526,2679.96,4087.51,2867.41,Moderate,Medium
ABC,Household,2021-12-22,1316.0,2,22,12,2021,0,0,1126.7142857142858,1096.7142857142858,1057.3333333333333,78230.0,1075.0,943.0,1185.0,Moderate,Medium
XYZ,Beverages,2021-12-22,995.0,2,22,12,2021,0,0,1037.142857142857,1047.2142857142858,1005.4,75248.0,845.0,991.0,1053.0,High,Large
XYZ,Grocery,2021-12-22,3353.016,2,22,12,2021,0,0,3388.468857142857,3376.0468571428573,3372.9220666666665,249397.72,2962.19,3201.697,3248.585,High,Large
XYZ,Household,2021-12-22,1033.0,2,22,12,2021,0,0,1094.0,1094.7142857142858,1095.2333333333333,82184.0,987.0,971.0,1166.0,High,Large
ABC,Beverages,2021-12-23,1535.0,3,23,12,2021,0,0,1280.857142857143,1251.0,1151.2333333333333,84105.0,1519.0,1139.0,1507.0,Moderate,Medium
ABC,Grocery,2021-12-23,3124.112,3,23,12,2021,0,0,2727.1625714285715,2738.777428571429,2714.8852666666667,194794.638,2804.733,2322.104,2564.629,Moderate,Medium
ABC,Household,2021-12-23,1380.0,3,23,12,2021,0,0,1175.2857142857142,1112.857142857143,1076.3666666666666,79610.0,1316.0,1040.0,1154.0,Moderate,Medium
XYZ,Beverages,2021-12-23,977.0,3,23,12,2021,0,0,1030.857142857143,1029.5,1010.1666666666666,76225.0,995.0,1021.0,1225.0,High,Large
XYZ,Grocery,2021-12-23,3594.418,3,23,12,2021,0,0,3411.697,3415.9730714285715,3398.4682000000003,252992.138,3353.016,3431.821,3035.451,High,Large
XYZ,Household,2021-12-23,1103.0,3,23,12,2021,0,0,1115.7142857142858,1102.357142857143,1101.5,83287.0,1033.0,951.0,996.0,High,Large
ABC,Beverages,2021-12-24,1335.0,4,24,12,2021,0,0,1285.857142857143,1254.5714285714287,1160.8333333333333,85440.0,1535.0,1300.0,1285.0,Moderate,Medium
ABC,Grocery,2021-12-24,6464.289,4,24,12,2021,0,0,3278.6215714285713,2983.3669999999997,2860.8635,201258.927,3124.112,2604.076,3040.035,Moderate,Medium
ABC,Household,2021-12-24,1311.0,4,24,12,2021,0,0,1215.7142857142858,1105.9285714285713,1091.5333333333333,80921.0,1380.0,1028.0,1408.0,Moderate,Medium
XYZ,Beverages,2021-12-24,1489.0,4,24,12,2021,0,0,1103.5714285714287,1046.857142857143,1037.7666666666667,77714.0,977.0,980.0,1246.0,High,Large
XYZ,Grocery,2021-12-24,4507.658,4,24,12,2021,0,0,3496.616428571429,3477.0555714285715,3449.233,257499.796,3594.418,3913.222,3652.503,High,Large
XYZ,Household,2021-12-24,1460.0,4,24,12,2021,0,0,1141.4285714285713,1120.0,1125.7333333333333,84747.0,1103.0,1280.0,1213.0,High,Large
ABC,Beverages,2021-12-25,936.0,5,25,12,2021,1,1,1278.5714285714287,1247.2857142857142,1149.2666666666667,86376.0,1335.0,987.0,1038.0,Moderate,Medium
ABC,Grocery,2021-12-25,1968.767,5,25,12,2021,1,1,3180.6902857142854,2938.602071428571,2816.5072,203227.694,6464.289,2654.286,2595.476,Moderate,Medium
ABC,Household,2021-12-25,913.0,5,25,12,2021,1,1,1207.0,1088.642857142857,1083.2666666666667,81834.0,1311.0,974.0,1155.0,Moderate,Medium
XYZ,Beverages,2021-12-25,1024.0,5,25,12,2021,1,1,1041.0,1037.7142857142858,1038.1,78738.0,1489.0,1462.0,1152.0,High,Large
XYZ,Grocery,2021-12-25,3832.522,5,25,12,2021,1,1,3474.598142857143,3476.5945714285713,3468.982966666667,261332.318,4507.658,3986.65,3838.976,High,Large
XYZ,Household,2021-12-25,1178.0,5,25,12,2021,1,1,1113.7142857142858,1103.5714285714287,1125.6,85925.0,1460.0,1372.0,1408.0,High,Large
ABC,Beverages,2021-12-26,777.0,6,26,12,2021,1,1,1207.5714285714287,1238.0714285714287,1138.0,87153.0,936.0,1274.0,906.0,Moderate,Medium
ABC,Grocery,2021-12-26,1878.134,6,26,12,2021,1,1,3075.5560000000005,2891.4375,2764.7708666666663,205105.828,1968.767,2614.074,2538.438,Moderate,Medium
ABC,Household,2021-12-26,865.0,6,26,12,2021,1,1,1154.142857142857,1087.4285714285713,1071.4666666666667,82699.0,913.0,1235.0,882.0,Moderate,Medium
XYZ,Beverages,2021-12-26,998.0,6,26,12,2021,1,1,1030.857142857143,1047.4285714285713,1037.5666666666666,79736.0,1024.0,1069.0,862.0,High,Large
XYZ,Grocery,2021-12-26,3532.533,6,26,12,2021,1,1,3520.244285714286,3515.4072142857144,3480.4477333333334,264864.851,3832.522,3213.01,2989.156,High,Large
XYZ,Household,2021-12-26,1398.0,6,26,12,2021,1,1,1165.5714285714287,1120.2857142857142,1136.9,87323.0,1178.0,1035.0,1164.0,High,Large
ABC,Beverages,2021-12-27,924.0,0,27,12,2021,0,1,1154.2857142857142,1201.142857142857,1127.4333333333334,88077.0,777.0,1297.0,1441.0,Moderate,Medium
ABC,Grocery,2021-12-27,2134.61,0,27,12,2021,0,1,3007.8007142857145,2872.6615714285717,2733.8445999999994,207240.438,1878.134,2608.897,2397.473,Moderate,Medium
ABC,Household,2021-12-27,906.0,0,27,12,2021,0,1,1109.4285714285713,1072.2142857142858,1063.7666666666667,83605.0,865.0,1219.0,1119.0,Moderate,Medium
XYZ,Beverages,2021-12-27,962.0,0,27,12,2021,0,1,1041.4285714285713,1048.7857142857142,1027.8,80698.0,998.0,888.0,943.0,High,Large
XYZ,Grocery,2021-12-27,3113.201,0,27,12,2021,0,1,3556.5054285714286,3463.945,3455.732466666667,267978.052,3532.533,2859.373,3833.672,High,Large
XYZ,Household,2021-12-27,1160.0,0,27,12,2021,0,1,1188.4285714285713,1131.2142857142858,1130.9333333333334,88483.0,1398.0,1000.0,1007.0,High,Large
ABC,Beverages,2021-12-28,1027.0,1,28,12,2021,0,1,1150.4285714285713,1203.357142857143,1122.7333333333333,89104.0,924.0,1054.0,996.0,Moderate,Medium
ABC,Grocery,2021-12-28,2541.979,1,28,12,2021,0,1,2988.0891428571435,2891.9664999999995,2713.1649,209782.417,2134.61,2679.96,2271.71,Moderate,Medium
ABC,Household,2021-12-28,1074.0,1,28,12,2021,0,1,1109.2857142857142,1091.357142857143,1057.8,84679.0,906.0,1075.0,806.0,Moderate,Medium
XYZ,Beverages,2021-12-28,959.0,1,28,12,2021,0,1,1057.7142857142858,1047.142857142857,1018.2666666666667,81657.0,962.0,845.0,982.0,High,Large
XYZ,Grocery,2021-12-28,2954.402,1,28,12,2021,0,1,3555.3928571428573,3461.1223571428573,3409.0582333333336,270932.454,3113.201,2962.19,2993.919,High,Large
XYZ,Household,2021-12-28,948.0,1,28,12,2021,0,1,1182.857142857143,1134.0,1114.4666666666667,89431.0,1160.0,987.0,909.0,High,Large
ABC,Beverages,2021-12-29,1042.0,2,29,12,2021,0,0,1082.2857142857142,1153.2857142857142,1127.7333333333333,90146.0,1027.0,1519.0,1743.0,Moderate,Medium
ABC,Grocery,2021-12-29,3163.758,2,29,12,2021,0,0,3039.3784285714287,2825.9842142857146,2733.7950666666666,212946.175,2541.979,2804.733,4087.51,Moderate,Medium
ABC,Household,2021-12-29,977.0,2,29,12,2021,0,0,1060.857142857143,1093.7857142857142,1055.0,85656.0,1074.0,1316.0,943.0,Moderate,Medium
XYZ,Beverages,2021-12-29,971.0,2,29,12,2021,0,0,1054.2857142857142,1045.7142857142858,1018.4333333333333,82628.0,959.0,995.0,991.0,High,Large
XYZ,Grocery,2021-12-29,4062.3,2,29,12,2021,0,0,3656.7191428571427,3522.594,3440.4125666666664,274994.754,2954.402,3353.016,3201.697,High,Large
XYZ,Household,2021-12-29,1255.0,2,29,12,2021,0,0,1214.5714285714287,1154.2857142857142,1124.0666666666666,90686.0,948.0,1033.0,971.0,High,Large
ABC,Beverages,2021-12-03,1567.0,4,3,12,2021,0,0,1086.857142857143,1183.857142857143,1152.3,91713.0,1042.0,1535.0,1139.0,Moderate,Medium
ABC,Grocery,2021-12-03,2677.058,4,3,12,2021,0,0,2975.5135714285716,2851.3380714285713,2751.192733333333,215623.233,3163.758,3124.112,2322.104,Moderate,Medium
ABC,Household,2021-12-03,1127.0,4,3,12,2021,0,0,1024.7142857142858,1100.0,1065.2666666666667,86783.0,977.0,1380.0,1040.0,Moderate,Medium
XYZ,Beverages,2021-12-03,1407.0,4,3,12,2021,0,0,1115.7142857142858,1073.2857142857142,1037.3666666666666,84035.0,971.0,977.0,1021.0,High,Large
XYZ,Grocery,2021-12-03,3619.201,4,3,12,2021,0,0,3660.2595714285712,3535.978285714286,3452.2492666666667,278613.955,4062.3,3594.418,3431.821,High,Large
XYZ,Household,2021-12-03,1286.0,4,3,12,2021,0,0,1240.7142857142858,1178.2142857142858,1130.0666666666666,91972.0,1255.0,1103.0,951.0,High,Large
ABC,Beverages,2021-12-30,1363.0,3,30,12,2021,0,0,1090.857142857143,1188.357142857143,1160.5333333333333,93076.0,1567.0,1335.0,1300.0,Moderate,Medium
ABC,Grocery,2021-12-30,3120.224,3,30,12,2021,0,0,2497.79,2888.205785714286,2768.5713333333333,218743.457,2677.058,6464.289,2604.076,Moderate,Medium
ABC,Household,2021-12-30,1245.0,3,30,12,2021,0,0,1015.2857142857143,1115.5,1073.4333333333334,88028.0,1127.0,1311.0,1028.0,Moderate,Medium
XYZ,Beverages,2021-12-30,1090.0,3,30,12,2021,0,0,1058.7142857142858,1081.142857142857,1039.5,85125.0,1407.0,1489.0,980.0,High,Large
XYZ,Grocery,2021-12-30,4386.424,3,30,12,2021,0,0,3642.9404285714286,3569.778428571429,3478.3720333333335,283000.379,3619.201,4507.658,3913.222,High,Large
XYZ,Household,2021-12-30,1401.0,3,30,12,2021,0,0,1232.2857142857142,1186.857142857143,1140.5666666666666,93373.0,1286.0,1460.0,1280.0,High,Large
ABC,Beverages,2021-12-31,1719.0,4,31,12,2021,0,0,1202.7142857142858,1240.642857142857,1176.0666666666666,94795.0,1363.0,936.0,987.0,Moderate,Medium
ABC,Grocery,2021-12-31,4590.302,4,31,12,2021,0,0,2872.2950000000005,3026.492642857143,2833.5045333333333,223333.759,3120.224,1968.767,2654.286,Moderate,Medium
ABC,Household,2021-12-31,1605.0,4,31,12,2021,0,0,1114.142857142857,1160.5714285714287,1096.2333333333333,89633.0,1245.0,913.0,974.0,Moderate,Medium
XYZ,Beverages,2021-12-31,1761.0,4,31,12,2021,0,0,1164.0,1102.5,1067.7666666666667,86886.0,1090.0,1024.0,1462.0,High,Large
XYZ,Grocery,2021-12-31,5962.381,4,31,12,2021,0,0,3947.2059999999997,3710.9020714285716,3568.3487000000005,288962.76,4386.424,3832.522,3986.65,High,Large
XYZ,Household,2021-12-31,1643.0,4,31,12,2021,0,0,1298.7142857142858,1206.2142857142858,1163.7333333333333,95016.0,1401.0,1178.0,1372.0,High,Large
ABC,Beverages,2021-12-04,1135.0,5,4,12,2021,1,0,1253.857142857143,1230.7142857142858,1180.9666666666667,95930.0,1719.0,777.0,1274.0,Moderate,Medium
ABC,Grocery,2021-12-04,2709.324,5,4,12,2021,1,0,2991.036428571428,3033.2962142857145,2835.4292666666665,226043.083,4590.302,1878.134,2614.074,Moderate,Medium
ABC,Household,2021-12-04,1168.0,5,4,12,2021,1,0,1157.4285714285713,1155.7857142857142,1102.3666666666666,90801.0,1605.0,865.0,1235.0,Moderate,Medium
XYZ,Beverages,2021-12-04,1360.0,5,4,12,2021,1,0,1215.7142857142858,1123.2857142857142,1082.9,88246.0,1761.0,998.0,1069.0,High,Large
XYZ,Grocery,2021-12-04,3902.234,5,4,12,2021,1,0,4000.0204285714285,3760.1323571428575,3589.062233333333,292864.994,5962.381,3532.533,3213.01,High,Large
XYZ,Household,2021-12-04,1275.0,5,4,12,2021,1,0,1281.142857142857,1223.357142857143,1174.1333333333334,96291.0,1643.0,1398.0,1035.0,High,Large
ABC,Beverages,2021-12-05,1107.0,6,5,12,2021,1,0,1280.0,1217.142857142857,1188.5666666666666,97037.0,1135.0,924.0,1297.0,Moderate,Medium
ABC,Grocery,2021-12-05,2584.766,6,5,12,2021,1,0,3055.3444285714286,3031.5725714285713,2834.721266666667,228627.849,2709.324,2134.61,2608.897,Moderate,Medium
ABC,Household,2021-12-05,1228.0,6,5,12,2021,1,0,1203.4285714285713,1156.4285714285713,1104.9333333333334,92029.0,1168.0,906.0,1219.0,Moderate,Medium
XYZ,Beverages,2021-12-05,1137.0,6,5,12,2021,1,0,1240.7142857142858,1141.0714285714287,1084.6333333333334,89383.0,1360.0,962.0,888.0,High,Large
XYZ,Grocery,2021-12-05,4118.75,6,5,12,2021,1,0,4143.6702857142855,3850.087857142857,3605.791766666667,296983.744,3902.234,3113.201,2859.373,High,Large
XYZ,Household,2021-12-05,1465.0,6,5,12,2021,1,0,1324.7142857142858,1256.5714285714287,1179.1666666666667,97756.0,1275.0,1160.0,1000.0,High,Large
ABC,Beverages,2021-12-06,1005.0,0,6,12,2021,0,0,1276.857142857143,1213.642857142857,1190.8333333333333,98042.0,1107.0,1027.0,1054.0,Moderate,Medium
ABC,Grocery,2021-12-06,2176.012,0,6,12,2021,0,0,3003.0634285714286,2995.576285714286,2819.0943333333335,230803.861,2584.766,2541.979,2679.96,Moderate,Medium
ABC,Household,2021-12-06,1079.0,0,6,12,2021,0,0,1204.142857142857,1156.7142857142858,1107.6666666666667,93108.0,1228.0,1074.0,1075.0,Moderate,Medium
XYZ,Beverages,2021-12-06,825.0,0,6,12,2021,0,0,1221.5714285714287,1139.642857142857,1077.3666666666666,90208.0,1137.0,959.0,845.0,High,Large
XYZ,Grocery,2021-12-06,2820.311,0,6,12,2021,0,0,4124.514428571429,3839.9536428571423,3579.670066666667,299804.055,4118.75,2954.402,2962.19,High,Large
XYZ,Household,2021-12-06,1025.0,0,6,12,2021,0,0,1335.7142857142858,1259.2857142857142,1171.6,98781.0,1465.0,948.0,987.0,High,Large
ABC,Beverages,2021-12-07,1123.0,1,7,12,2021,0,0,1288.4285714285713,1185.357142857143,1195.8666666666666,99165.0,1005.0,1042.0,1519.0,Moderate,Medium
ABC,Grocery,2021-12-07,1890.29,1,7,12,2021,0,0,2821.139428571429,2930.2589285714284,2804.9494,232694.151,2176.012,3163.758,2804.733,Moderate,Medium
ABC,Household,2021-12-07,821.0,1,7,12,2021,0,0,1181.857142857143,1121.357142857143,1105.6,93929.0,1079.0,977.0,1316.0,Moderate,Medium
XYZ,Beverages,2021-12-07,875.0,1,7,12,2021,0,0,1207.857142857143,1131.0714285714287,1084.0,91083.0,825.0,971.0,995.0,High,Large
XYZ,Grocery,2021-12-07,2703.628,1,7,12,2021,0,0,3930.418428571429,3793.568785714286,3574.043866666667,302507.683,2820.311,4062.3,3353.016,High,Large
XYZ,Household,2021-12-07,881.0,1,7,12,2021,0,0,1282.2857142857142,1248.4285714285713,1169.5666666666666,99662.0,1025.0,1255.0,1033.0,High,Large
ABC,Beverages,2021-12-08,1011.0,2,8,12,2021,0,0,1209.0,1147.9285714285713,1202.4333333333334,100176.0,1123.0,1567.0,1535.0,Moderate,Medium
ABC,Grocery,2021-12-08,2345.361,2,8,12,2021,0,0,2773.7541428571426,2874.633857142857,2800.6599,235039.512,1890.29,2677.058,3124.112,Moderate,Medium
ABC,Household,2021-12-08,981.0,2,8,12,2021,0,0,1161.0,1092.857142857143,1107.3,94910.0,821.0,1127.0,1380.0,Moderate,Medium
XYZ,Beverages,2021-12-08,1102.0,2,8,12,2021,0,0,1164.2857142857142,1140.0,1088.3666666666666,92185.0,875.0,1407.0,977.0,High,Large
XYZ,Grocery,2021-12-08,2845.032,2,8,12,2021,0,0,3819.8228571428576,3740.0412142857144,3548.9411999999998,305352.715,2703.628,3619.201,3594.418,High,Large
XYZ,Household,2021-12-08,848.0,2,8,12,2021,0,0,1219.7142857142858,1230.2142857142858,1160.6,100510.0,881.0,1286.0,1103.0,High,Large
ABC,Beverages,2021-12-09,1301.0,3,9,12,2021,0,0,1200.142857142857,1145.5,1213.1,101477.0,1011.0,1363.0,1335.0,Moderate,Medium
ABC,Grocery,2021-12-09,2314.716,3,9,12,2021,0,0,2658.6815714285717,2578.2357857142856,2782.236766666667,237354.228,2345.361,3120.224,6464.289,Moderate,Medium
ABC,Household,2021-12-09,1006.0,3,9,12,2021,0,0,1126.857142857143,1071.0714285714287,1101.3333333333333,95916.0,981.0,1245.0,1311.0,Moderate,Medium
XYZ,Beverages,2021-12-09,1104.0,3,9,12,2021,0,0,1166.2857142857142,1112.5,1090.0666666666666,93289.0,1102.0,1090.0,1489.0,High,Large
XYZ,Grocery,2021-12-09,3216.296,3,9,12,2021,0,0,3652.6617142857144,3647.8010714285715,3547.8649,308569.011,2845.032,4386.424,4507.658,High,Large
XYZ,Household,2021-12-09,1049.0,3,9,12,2021,0,0,1169.4285714285713,1200.857142857143,1156.7,101559.0,848.0,1401.0,1460.0,High,Large
